region,point,lower,upper,mid_lower,mid_upper,central_lower,central_upper,metric,Expected change in daily cases
4314902,1892,2,3867,1033,2219,1518,1942,New confirmed cases by infection date,Increasing
3550308,1116,0,4945,0,1117,112,478,New confirmed cases by infection date,Unsure
3549904,870,0,35958,0,870,0,157,New confirmed cases by infection date,Unsure
5208707,784,442,1273,572,862,686,785,New confirmed cases by infection date,Likely increasing
5300108,753,547,979,662,833,722,782,New confirmed cases by infection date,Decreasing
3205002,691,0,66232,0,692,0,44,New confirmed cases by infection date,Unsure
5201405,587,147,1175,379,695,462,580,New confirmed cases by infection date,Likely increasing
1503606,541,0,233261,0,541,0,16,New confirmed cases by infection date,Unsure
4309308,413,0,229599,0,414,0,21,New confirmed cases by infection date,Unsure
2927408,401,0,1083,106,441,208,324,New confirmed cases by infection date,Unsure
5201108,341,141,624,236,394,287,343,New confirmed cases by infection date,Increasing
3304557,331,1,837,141,396,251,341,New confirmed cases by infection date,Unsure
4113700,329,25,649,193,412,224,307,New confirmed cases by infection date,Likely increasing
4106902,320,101,633,231,388,259,316,New confirmed cases by infection date,Unsure
1302603,269,0,1038,104,323,148,220,New confirmed cases by infection date,Unsure
1505536,261,0,1243,51,300,99,181,New confirmed cases by infection date,Unsure
5203500,259,0,19078,0,259,1,52,New confirmed cases by infection date,Increasing
2211001,256,110,429,191,291,237,274,New confirmed cases by infection date,Unsure
3170206,247,0,599,92,276,173,237,New confirmed cases by infection date,Unsure
5002704,242,1,636,83,298,171,246,New confirmed cases by infection date,Unsure
3530607,241,0,155855,0,242,0,6,New confirmed cases by infection date,Unsure
4205407,219,0,900,55,262,153,224,New confirmed cases by infection date,Unsure
3301702,217,0,704,48,246,93,161,New confirmed cases by infection date,Likely increasing
1501402,214,0,588,111,261,143,193,New confirmed cases by infection date,Unsure
3506003,213,45,392,144,245,188,226,New confirmed cases by infection date,Likely increasing
3526902,163,0,899,7,167,36,92,New confirmed cases by infection date,Unsure
4315602,157,7,354,77,195,94,134,New confirmed cases by infection date,Likely increasing
3549805,155,30,284,100,185,147,179,New confirmed cases by infection date,Likely decreasing
3518503,154,0,685,0,154,61,119,New confirmed cases by infection date,Likely increasing
1721000,150,0,669,0,150,53,106,New confirmed cases by infection date,Unsure
1702109,149,12,388,42,163,75,116,New confirmed cases by infection date,Unsure
4305108,141,36,286,85,166,115,142,New confirmed cases by infection date,Likely increasing
3106200,130,10,342,53,149,65,100,New confirmed cases by infection date,Likely decreasing
4310009,130,0,302,54,157,75,109,New confirmed cases by infection date,Increasing
3543402,127,37,210,96,153,106,126,New confirmed cases by infection date,Likely decreasing
4208203,124,0,422,40,142,58,91,New confirmed cases by infection date,Likely increasing
3518800,116,56,182,91,134,103,118,New confirmed cases by infection date,Likely decreasing
2611606,113,17,274,51,128,74,101,New confirmed cases by infection date,Unsure
2910800,113,34,218,82,141,85,105,New confirmed cases by infection date,Unsure
3518701,113,1,517,16,122,32,66,New confirmed cases by infection date,Unsure
1400100,112,38,218,70,133,83,105,New confirmed cases by infection date,Likely decreasing
4216602,112,25,259,54,130,85,112,New confirmed cases by infection date,Unsure
5208608,112,44,190,81,130,92,109,New confirmed cases by infection date,Increasing
2914802,111,12,241,62,138,84,112,New confirmed cases by infection date,Unsure
4119905,106,0,1316,0,107,0,26,New confirmed cases by infection date,Unsure
2304103,105,28,324,60,122,66,86,New confirmed cases by infection date,Increasing
4316907,101,26,201,61,118,71,92,New confirmed cases by infection date,Likely increasing
1504208,97,0,4408,29,110,46,73,New confirmed cases by infection date,Likely increasing
1100205,95,18,176,61,116,80,98,New confirmed cases by infection date,Likely decreasing
1200609,95,5,249,44,111,47,72,New confirmed cases by infection date,Increasing
2104057,95,0,515,0,95,0,21,New confirmed cases by infection date,Unsure
3303302,94,0,404,17,109,22,52,New confirmed cases by infection date,Unsure
4108304,94,0,461,25,107,46,73,New confirmed cases by infection date,Unsure
3538709,92,34,163,65,105,81,95,New confirmed cases by infection date,Unsure
5003207,92,14,169,59,112,74,93,New confirmed cases by infection date,Likely increasing
5218805,92,17,241,47,106,62,82,New confirmed cases by infection date,Unsure
2111300,91,58,129,77,99,87,96,New confirmed cases by infection date,Unsure
3170107,90,0,389,28,103,43,67,New confirmed cases by infection date,Unsure
3509502,90,2,203,28,103,60,87,New confirmed cases by infection date,Likely decreasing
2304400,87,0,200,14,98,39,70,New confirmed cases by infection date,Likely decreasing
4204608,87,0,1793,0,88,0,14,New confirmed cases by infection date,Unsure
4314407,85,20,169,55,100,64,79,New confirmed cases by infection date,Likely increasing
3134202,83,26,164,51,99,66,84,New confirmed cases by infection date,Likely increasing
5221403,83,0,853,0,83,8,34,New confirmed cases by infection date,Likely increasing
2105302,82,38,136,58,93,73,84,New confirmed cases by infection date,Increasing
3300456,81,0,281,12,91,34,63,New confirmed cases by infection date,Unsure
3547809,81,17,151,53,98,65,81,New confirmed cases by infection date,Unsure
4304606,81,0,1327,0,82,0,11,New confirmed cases by infection date,Unsure
4115200,80,26,161,50,88,66,79,New confirmed cases by infection date,Unsure
3502101,78,10,180,45,91,53,70,New confirmed cases by infection date,Increasing
3305802,75,0,387,8,83,25,49,New confirmed cases by infection date,Unsure
5221858,75,39,123,58,84,61,70,New confirmed cases by infection date,Likely increasing
5003702,74,4,185,36,88,49,67,New confirmed cases by infection date,Likely increasing
5212501,74,3,186,37,88,57,74,New confirmed cases by infection date,Unsure
3300407,73,0,216,24,86,35,57,New confirmed cases by infection date,Likely increasing
2513901,70,36,110,54,80,60,69,New confirmed cases by infection date,Increasing
4202404,70,0,163,34,87,45,64,New confirmed cases by infection date,Unsure
2931350,69,4,151,37,83,56,73,New confirmed cases by infection date,Likely increasing
3301009,67,0,288,14,75,24,45,New confirmed cases by infection date,Unsure
1506807,66,0,139,34,88,48,67,New confirmed cases by infection date,Unsure
3530508,66,0,202,15,76,25,45,New confirmed cases by infection date,Increasing
5219308,66,14,133,39,77,47,60,New confirmed cases by infection date,Likely increasing
1600600,65,12,145,37,77,44,59,New confirmed cases by infection date,Unsure
2604106,65,3,188,23,76,36,53,New confirmed cases by infection date,Unsure
3554102,63,13,141,38,71,50,61,New confirmed cases by infection date,Unsure
2500304,62,19,119,38,72,47,59,New confirmed cases by infection date,Increasing
3525904,61,18,106,42,71,46,57,New confirmed cases by infection date,Likely decreasing
4313508,61,0,275,9,66,22,41,New confirmed cases by infection date,Likely increasing
2704302,60,30,96,47,69,47,55,New confirmed cases by infection date,Likely decreasing
3143302,60,12,118,34,72,45,59,New confirmed cases by infection date,Likely decreasing
3529401,60,4,131,35,70,47,58,New confirmed cases by infection date,Unsure
4127700,59,0,213,22,68,27,43,New confirmed cases by infection date,Likely increasing
2507507,57,27,96,42,67,51,60,New confirmed cases by infection date,Decreasing
3516200,56,14,105,36,67,38,49,New confirmed cases by infection date,Unsure
4104808,56,22,97,42,67,48,57,New confirmed cases by infection date,Unsure
4323002,55,7,116,26,63,42,55,New confirmed cases by infection date,Likely increasing
4113205,52,1,129,21,60,33,47,New confirmed cases by infection date,Increasing
4313409,52,11,113,30,62,37,47,New confirmed cases by infection date,Unsure
4314100,52,14,100,30,60,41,52,New confirmed cases by infection date,Unsure
2914604,51,14,99,34,62,40,50,New confirmed cases by infection date,Likely increasing
3548708,51,23,86,36,57,41,49,New confirmed cases by infection date,Decreasing
2924009,50,5,98,31,64,36,48,New confirmed cases by infection date,Likely increasing
5008305,50,20,86,35,57,40,48,New confirmed cases by infection date,Likely increasing
1709500,49,0,123,21,60,22,35,New confirmed cases by infection date,Unsure
2107902,49,0,2068,0,49,3,16,New confirmed cases by infection date,Likely increasing
2305902,49,3,291,13,54,25,39,New confirmed cases by infection date,Increasing
3503307,49,7,128,23,55,36,48,New confirmed cases by infection date,Unsure
3525300,49,14,93,34,59,39,48,New confirmed cases by infection date,Likely increasing
3548500,48,23,86,35,55,42,49,New confirmed cases by infection date,Decreasing
4125506,48,3,131,23,55,31,42,New confirmed cases by infection date,Unsure
3103504,47,18,91,30,57,37,46,New confirmed cases by infection date,Likely increasing
3127701,47,0,104,22,59,31,45,New confirmed cases by infection date,Unsure
3152501,47,0,690,0,47,0,14,New confirmed cases by infection date,Unsure
2305407,45,1,103,23,56,33,45,New confirmed cases by infection date,Likely increasing
3205200,45,4,94,28,53,34,43,New confirmed cases by infection date,Likely decreasing
3302403,45,0,116,18,54,28,41,New confirmed cases by infection date,Unsure
4101804,43,15,77,30,51,33,41,New confirmed cases by infection date,Unsure
4203006,43,0,169,6,49,13,27,New confirmed cases by infection date,Likely increasing
4318705,43,0,120,18,56,28,41,New confirmed cases by infection date,Unsure
5208004,43,0,190,8,48,15,29,New confirmed cases by infection date,Unsure
1100130,42,0,97,20,51,23,35,New confirmed cases by infection date,Likely increasing
2800308,42,19,76,30,49,36,43,New confirmed cases by infection date,Decreasing
3539202,42,0,92,21,54,27,39,New confirmed cases by infection date,Likely increasing
4300604,42,0,127,18,52,21,33,New confirmed cases by infection date,Unsure
1505502,41,0,114,16,46,29,39,New confirmed cases by infection date,Likely increasing
2401008,40,0,286,7,44,17,29,New confirmed cases by infection date,Likely increasing
2904605,40,1,213,8,43,16,28,New confirmed cases by infection date,Increasing
3506102,40,2,96,20,49,25,35,New confirmed cases by infection date,Likely increasing
3529005,40,21,62,31,45,34,39,New confirmed cases by infection date,Likely increasing
3554003,40,9,121,23,44,30,37,New confirmed cases by infection date,Likely increasing
4319901,40,0,123,11,45,21,33,New confirmed cases by infection date,Unsure
1718204,39,0,105,12,44,21,33,New confirmed cases by infection date,Unsure
3507605,39,8,88,21,47,26,35,New confirmed cases by infection date,Unsure
5220454,39,13,76,25,44,32,39,New confirmed cases by infection date,Likely increasing
2308708,38,4,88,19,44,29,38,New confirmed cases by infection date,Increasing
2903201,38,0,93,17,48,26,37,New confirmed cases by infection date,Unsure
3302502,38,0,123,6,43,13,27,New confirmed cases by infection date,Likely increasing
3303500,38,0,112,15,47,23,33,New confirmed cases by infection date,Unsure
4211900,38,11,78,23,46,27,35,New confirmed cases by infection date,Unsure
1506138,37,8,76,22,44,28,36,New confirmed cases by infection date,Unsure
2919207,37,0,108,7,42,22,35,New confirmed cases by infection date,Unsure
3551702,37,11,75,24,44,28,35,New confirmed cases by infection date,Unsure
4321451,37,0,89,19,46,25,34,New confirmed cases by infection date,Likely increasing
1100023,36,0,98,9,40,24,35,New confirmed cases by infection date,Unsure
1303403,36,21,54,29,40,33,37,New confirmed cases by infection date,Likely increasing
2111805,36,0,223,6,40,14,24,New confirmed cases by infection date,Likely increasing
3304904,36,0,94,10,40,22,32,New confirmed cases by infection date,Unsure
3534401,36,7,65,24,47,29,37,New confirmed cases by infection date,Likely decreasing
3539301,36,0,74,21,44,22,30,New confirmed cases by infection date,Likely increasing
3553708,36,4,70,18,40,25,33,New confirmed cases by infection date,Increasing
5205109,36,13,67,24,40,28,34,New confirmed cases by infection date,Likely increasing
5205497,36,0,111,11,42,17,27,New confirmed cases by infection date,Unsure
2507002,35,7,72,21,41,27,35,New confirmed cases by infection date,Increasing
2908408,35,9,64,23,40,30,36,New confirmed cases by infection date,Likely increasing
3118601,35,0,101,13,43,21,32,New confirmed cases by infection date,Likely decreasing
3515707,35,8,74,22,39,29,35,New confirmed cases by infection date,Unsure
5204508,35,2,104,17,39,24,31,New confirmed cases by infection date,Likely increasing
2313302,34,11,59,25,39,28,33,New confirmed cases by infection date,Increasing
3201308,34,0,69,19,43,27,35,New confirmed cases by infection date,Likely decreasing
3303906,34,0,79,14,38,22,31,New confirmed cases by infection date,Likely increasing
3545803,34,10,58,23,40,33,39,New confirmed cases by infection date,Likely decreasing
1705508,33,0,100,12,40,22,32,New confirmed cases by infection date,Unsure
2607901,33,4,71,21,41,26,33,New confirmed cases by infection date,Unsure
3511102,33,7,60,24,40,26,32,New confirmed cases by infection date,Likely decreasing
3524808,33,0,82,13,38,17,26,New confirmed cases by infection date,Unsure
3530300,33,17,54,26,38,28,32,New confirmed cases by infection date,Likely increasing
3533502,33,0,332,3,35,7,18,New confirmed cases by infection date,Likely increasing
4103701,33,3,73,18,38,24,31,New confirmed cases by infection date,Likely increasing
4118204,33,6,66,19,38,27,33,New confirmed cases by infection date,Unsure
4309209,33,6,70,20,39,27,34,New confirmed cases by infection date,Likely decreasing
1100304,32,10,58,20,37,24,29,New confirmed cases by infection date,Unsure
3101607,32,3,72,15,37,23,31,New confirmed cases by infection date,Likely increasing
3300100,32,0,134,7,37,15,26,New confirmed cases by infection date,Unsure
3541000,32,2,58,20,40,28,35,New confirmed cases by infection date,Likely decreasing
4311403,32,0,260,0,32,2,13,New confirmed cases by infection date,Unsure
4317509,32,6,70,17,37,24,31,New confirmed cases by infection date,Increasing
1100122,31,3,78,16,35,21,27,New confirmed cases by infection date,Unsure
3127107,31,10,59,18,35,28,35,New confirmed cases by infection date,Likely increasing
3136702,31,12,54,21,36,26,31,New confirmed cases by infection date,Likely decreasing
3303401,31,0,93,11,37,17,26,New confirmed cases by infection date,Unsure
4303103,31,0,76,15,35,19,26,New confirmed cases by infection date,Unsure
5211909,31,0,66,16,38,26,34,New confirmed cases by infection date,Likely decreasing
1100049,30,6,60,17,34,21,27,New confirmed cases by infection date,Unsure
3104007,30,3,97,13,33,17,24,New confirmed cases by infection date,Likely increasing
3147006,30,1,90,13,36,22,29,New confirmed cases by infection date,Likely increasing
3200607,30,0,70,17,38,21,28,New confirmed cases by infection date,Unsure
3505708,30,10,53,21,35,24,30,New confirmed cases by infection date,Likely decreasing
4105805,30,10,60,21,35,26,31,New confirmed cases by infection date,Unsure
4202909,30,4,57,19,40,20,28,New confirmed cases by infection date,Likely decreasing
3167202,29,7,59,18,34,21,27,New confirmed cases by infection date,Unsure
3301900,29,0,94,10,36,14,23,New confirmed cases by infection date,Unsure
2305506,28,4,54,16,32,18,24,New confirmed cases by infection date,Unsure
2612208,28,0,118,2,30,7,16,New confirmed cases by infection date,Unsure
2913606,28,0,68,12,36,19,27,New confirmed cases by infection date,Likely decreasing
3505500,28,6,54,19,34,23,28,New confirmed cases by infection date,Unsure
3524402,28,3,58,18,33,21,27,New confirmed cases by infection date,Unsure
3541406,28,13,50,20,32,24,28,New confirmed cases by infection date,Likely decreasing
1200401,27,11,47,19,30,23,27,New confirmed cases by infection date,Unsure
1600303,27,3,51,15,35,20,28,New confirmed cases by infection date,Likely decreasing
1709302,27,0,1194,0,27,0,5,New confirmed cases by infection date,Unsure
2504009,27,12,47,20,31,22,26,New confirmed cases by infection date,Likely decreasing
3201209,27,3,54,16,32,25,31,New confirmed cases by infection date,Likely decreasing
5001003,27,0,1678,4,29,12,19,New confirmed cases by infection date,Likely increasing
1500800,26,1,53,16,32,20,26,New confirmed cases by infection date,Unsure
3510609,26,3,54,10,30,16,24,New confirmed cases by infection date,Decreasing
3530805,26,4,53,12,29,18,24,New confirmed cases by infection date,Likely increasing
3551009,26,4,49,16,32,23,29,New confirmed cases by infection date,Unsure
4208906,26,5,52,17,32,19,24,New confirmed cases by infection date,Unsure
4219309,26,0,53,14,32,17,24,New confirmed cases by infection date,Unsure
4306106,26,0,92,8,29,14,21,New confirmed cases by infection date,Likely increasing
4307906,26,3,58,14,31,18,24,New confirmed cases by infection date,Unsure
5002902,26,5,46,18,32,19,24,New confirmed cases by infection date,Likely increasing
5209101,26,0,97,9,30,12,19,New confirmed cases by infection date,Likely increasing
1716109,25,0,71,10,30,12,19,New confirmed cases by infection date,Unsure
2510808,25,8,49,16,29,20,25,New confirmed cases by infection date,Likely decreasing
3519071,25,6,42,16,29,21,25,New confirmed cases by infection date,Likely decreasing
3552403,25,3,47,16,32,21,27,New confirmed cases by infection date,Likely decreasing
5211503,25,8,50,15,29,18,23,New confirmed cases by infection date,Unsure
5213103,25,0,78,0,25,2,12,New confirmed cases by infection date,Likely decreasing
1301803,24,0,1447,0,24,0,2,New confirmed cases by infection date,Unsure
2203909,24,0,140,0,24,0,7,New confirmed cases by infection date,Unsure
2305803,24,6,46,14,28,20,25,New confirmed cases by infection date,Unsure
2900702,24,0,52,11,29,13,19,New confirmed cases by infection date,Likely decreasing
2919553,24,3,43,15,29,21,26,New confirmed cases by infection date,Likely decreasing
2925303,24,2,55,11,28,17,23,New confirmed cases by infection date,Unsure
3168705,24,0,67,12,28,18,23,New confirmed cases by infection date,Unsure
3306305,24,0,59,10,28,14,20,New confirmed cases by infection date,Likely decreasing
3501608,24,8,43,17,28,21,25,New confirmed cases by infection date,Decreasing
3513801,24,6,40,17,30,18,23,New confirmed cases by infection date,Decreasing
3514403,24,0,52,13,29,16,21,New confirmed cases by infection date,Likely increasing
4307708,24,0,58,12,29,16,22,New confirmed cases by infection date,Unsure
5213806,24,8,42,17,27,18,22,New confirmed cases by infection date,Unsure
1505304,23,0,69,5,26,14,22,New confirmed cases by infection date,Unsure
3118007,23,10,40,15,26,18,22,New confirmed cases by infection date,Increasing
4101507,23,0,47,12,28,17,22,New confirmed cases by infection date,Unsure
4202008,23,3,46,11,28,17,24,New confirmed cases by infection date,Likely decreasing
5210208,23,12,37,18,27,19,22,New confirmed cases by infection date,Increasing
2101608,22,0,64,10,27,14,20,New confirmed cases by infection date,Unsure
2112209,22,4,46,14,26,14,19,New confirmed cases by infection date,Likely decreasing
2302404,22,0,120,5,26,8,15,New confirmed cases by infection date,Likely increasing
2304202,22,9,39,16,26,18,22,New confirmed cases by infection date,Decreasing
2601201,22,0,126,0,22,0,7,New confirmed cases by infection date,Unsure
2606002,22,5,46,13,28,15,20,New confirmed cases by infection date,Unsure
3517406,22,6,44,14,24,16,20,New confirmed cases by infection date,Likely increasing
3530706,22,10,36,16,24,18,21,New confirmed cases by infection date,Likely increasing
3552502,22,11,35,17,26,18,21,New confirmed cases by infection date,Likely decreasing
4209409,22,0,124,0,22,4,11,New confirmed cases by infection date,Unsure
1200203,21,0,88,7,24,8,14,New confirmed cases by infection date,Likely increasing
2208403,21,8,40,15,24,18,22,New confirmed cases by infection date,Unsure
3522604,21,0,49,9,25,14,19,New confirmed cases by infection date,Unsure
3548807,21,6,40,15,25,18,22,New confirmed cases by infection date,Unsure
4102406,21,6,43,12,24,15,20,New confirmed cases by infection date,Likely increasing
4126256,21,3,48,12,24,14,18,New confirmed cases by infection date,Likely increasing
1506708,20,4,47,11,25,14,19,New confirmed cases by infection date,Unsure
2114007,20,0,66,7,24,11,16,New confirmed cases by infection date,Unsure
2301901,20,0,179,0,20,0,4,New confirmed cases by infection date,Unsure
3169901,20,0,60,8,23,12,17,New confirmed cases by infection date,Unsure
3548906,20,10,34,14,22,16,18,New confirmed cases by infection date,Likely decreasing
4209300,20,0,46,8,25,14,20,New confirmed cases by infection date,Likely decreasing
4307005,20,3,43,10,24,16,20,New confirmed cases by infection date,Unsure
4314050,20,0,53,11,25,12,17,New confirmed cases by infection date,Unsure
4317202,20,0,47,11,24,12,16,New confirmed cases by infection date,Unsure
1600808,19,0,57,4,21,11,17,New confirmed cases by infection date,Unsure
2101707,19,1,44,9,22,12,17,New confirmed cases by infection date,Likely increasing
2609600,19,0,58,6,22,8,14,New confirmed cases by infection date,Unsure
3125101,19,7,35,12,22,15,19,New confirmed cases by infection date,Unsure
3545209,19,6,37,13,23,15,19,New confirmed cases by infection date,Likely decreasing
4104204,19,6,33,14,22,17,20,New confirmed cases by infection date,Likely decreasing
2207702,18,9,33,14,21,15,17,New confirmed cases by infection date,Unsure
2312908,18,0,32,11,22,15,18,New confirmed cases by infection date,Likely decreasing
2403251,18,0,48,9,23,11,16,New confirmed cases by infection date,Unsure
3132404,18,6,36,11,21,12,16,New confirmed cases by infection date,Unsure
3133808,18,1,58,7,20,9,14,New confirmed cases by infection date,Likely increasing
3300704,18,0,50,8,23,10,15,New confirmed cases by infection date,Unsure
3302700,18,0,69,3,21,5,11,New confirmed cases by infection date,Unsure
3502804,18,8,33,13,21,16,19,New confirmed cases by infection date,Decreasing
3507506,18,1,37,12,22,14,17,New confirmed cases by infection date,Unsure
3513009,18,6,31,13,20,15,18,New confirmed cases by infection date,Likely decreasing
3523909,18,3,35,12,21,14,18,New confirmed cases by infection date,Unsure
3557105,18,8,32,12,20,15,18,New confirmed cases by infection date,Decreasing
4122404,18,1,40,9,21,13,17,New confirmed cases by infection date,Unsure
4218004,18,0,38,8,21,13,17,New confirmed cases by infection date,Unsure
4320008,18,7,33,11,21,14,17,New confirmed cases by infection date,Unsure
5217609,18,4,34,11,21,13,16,New confirmed cases by infection date,Likely increasing
1508407,17,0,51,5,20,8,13,New confirmed cases by infection date,Unsure
2101400,17,0,32,10,22,14,19,New confirmed cases by infection date,Decreasing
2103604,17,0,75,0,17,0,5,New confirmed cases by infection date,Unsure
2402006,17,0,36,7,22,12,17,New confirmed cases by infection date,Likely decreasing
2408003,17,0,51,4,19,8,13,New confirmed cases by infection date,Likely decreasing
2601102,17,1,30,12,21,15,18,New confirmed cases by infection date,Unsure
2918407,17,6,33,11,20,14,17,New confirmed cases by infection date,Decreasing
2930501,17,0,46,7,20,10,15,New confirmed cases by infection date,Likely increasing
3162104,17,0,50,6,19,10,14,New confirmed cases by infection date,Unsure
3202405,17,0,33,11,22,15,19,New confirmed cases by infection date,Unsure
3510401,17,0,44,8,19,10,14,New confirmed cases by infection date,Unsure
3515509,17,4,36,10,20,12,16,New confirmed cases by infection date,Unsure
3526704,17,6,32,13,20,15,17,New confirmed cases by infection date,Likely decreasing
3536505,17,0,33,10,23,15,20,New confirmed cases by infection date,Decreasing
4101408,17,3,36,9,20,12,16,New confirmed cases by infection date,Likely increasing
4203907,17,0,58,0,17,3,9,New confirmed cases by infection date,Unsure
4204202,17,0,163,0,18,0,4,New confirmed cases by infection date,Likely decreasing
4207304,17,0,81,0,17,2,7,New confirmed cases by infection date,Unsure
4208302,17,0,35,9,21,12,17,New confirmed cases by infection date,Likely decreasing
4301602,17,2,35,10,20,13,16,New confirmed cases by infection date,Unsure
4322608,17,1,38,8,20,11,15,New confirmed cases by infection date,Unsure
5006606,17,7,28,12,19,14,17,New confirmed cases by infection date,Likely increasing
5210000,17,5,29,11,19,15,18,New confirmed cases by infection date,Likely decreasing
1301407,16,0,48,5,18,12,16,New confirmed cases by infection date,Unsure
2611101,16,5,29,11,18,12,15,New confirmed cases by infection date,Decreasing
3147907,16,0,54,3,18,7,13,New confirmed cases by infection date,Unsure
3151800,16,3,46,9,18,9,13,New confirmed cases by infection date,Likely increasing
3543303,16,6,28,11,18,14,16,New confirmed cases by infection date,Likely increasing
4108403,16,7,30,11,18,13,16,New confirmed cases by infection date,Unsure
4119152,16,4,30,10,19,13,16,New confirmed cases by infection date,Likely decreasing
4206504,16,0,276,0,16,0,1,New confirmed cases by infection date,Unsure
1505106,15,0,80,0,15,0,4,New confirmed cases by infection date,Unsure
1507300,15,1,49,9,19,9,12,New confirmed cases by infection date,Unsure
2103000,15,0,31,9,21,12,16,New confirmed cases by infection date,Likely decreasing
2208007,15,5,26,10,17,12,14,New confirmed cases by infection date,Likely decreasing
2307304,15,0,37,6,19,9,14,New confirmed cases by infection date,Decreasing
2613503,15,0,48,7,18,9,13,New confirmed cases by infection date,Likely increasing
3154606,15,0,34,4,17,8,13,New confirmed cases by infection date,Likely decreasing
3501905,15,0,43,6,17,10,14,New confirmed cases by infection date,Unsure
3504107,15,4,24,11,18,12,15,New confirmed cases by infection date,Likely decreasing
3538006,15,5,27,10,17,12,15,New confirmed cases by infection date,Likely decreasing
3552809,15,2,28,8,17,11,14,New confirmed cases by infection date,Decreasing
4309100,15,1,39,9,17,10,13,New confirmed cases by infection date,Unsure
5214606,15,1,48,7,19,8,12,New confirmed cases by infection date,Likely increasing
5215702,15,0,34,7,19,11,15,New confirmed cases by infection date,Likely decreasing
5218003,15,0,113,0,15,0,4,New confirmed cases by infection date,Unsure
1500602,14,0,46,5,18,9,13,New confirmed cases by infection date,Unsure
2104073,14,0,40,7,17,9,13,New confirmed cases by infection date,Unsure
2516201,14,0,35,7,17,11,15,New confirmed cases by infection date,Unsure
2910727,14,4,27,10,17,11,14,New confirmed cases by infection date,Likely decreasing
2916401,14,1,28,9,18,10,13,New confirmed cases by infection date,Unsure
2928703,14,6,24,9,15,11,13,New confirmed cases by infection date,Unsure
3131703,14,0,37,6,16,7,11,New confirmed cases by infection date,Unsure
3156908,14,0,34,6,16,9,12,New confirmed cases by infection date,Unsure
3522307,14,4,27,9,16,12,14,New confirmed cases by infection date,Unsure
3523404,14,0,26,9,17,12,15,New confirmed cases by infection date,Unsure
3526407,14,3,27,8,16,11,14,New confirmed cases by infection date,Likely increasing
4104907,14,5,28,10,16,11,14,New confirmed cases by infection date,Unsure
4107652,14,2,27,9,17,10,14,New confirmed cases by infection date,Likely decreasing
4316808,14,3,31,8,17,13,16,New confirmed cases by infection date,Unsure
5005608,14,1,33,6,17,9,13,New confirmed cases by infection date,Unsure
5007208,14,0,34,7,17,8,11,New confirmed cases by infection date,Unsure
1100288,13,0,30,8,16,9,12,New confirmed cases by infection date,Unsure
2503704,13,5,25,10,15,11,13,New confirmed cases by infection date,Unsure
2506301,13,4,25,8,15,9,12,New confirmed cases by infection date,Unsure
2610707,13,3,25,9,16,12,14,New confirmed cases by infection date,Unsure
2905701,13,1,27,4,15,8,11,New confirmed cases by infection date,Decreasing
2914703,13,0,27,6,16,7,11,New confirmed cases by infection date,Likely decreasing
2919926,13,0,37,5,15,7,11,New confirmed cases by infection date,Unsure
3122306,13,4,25,9,16,12,14,New confirmed cases by infection date,Unsure
3203205,13,2,27,7,15,10,12,New confirmed cases by infection date,Decreasing
3301850,13,0,61,3,16,5,9,New confirmed cases by infection date,Unsure
3304201,13,0,42,5,16,7,11,New confirmed cases by infection date,Unsure
3531308,13,0,51,5,16,6,10,New confirmed cases by infection date,Unsure
3533908,13,6,21,9,14,10,12,New confirmed cases by infection date,Decreasing
3547304,13,3,23,9,16,11,14,New confirmed cases by infection date,Likely decreasing
4119509,13,1,26,9,18,11,14,New confirmed cases by infection date,Likely decreasing
4216206,13,0,31,7,15,9,12,New confirmed cases by infection date,Unsure
5210406,13,0,174,0,13,0,3,New confirmed cases by infection date,Unsure
5220108,13,1,33,7,15,8,11,New confirmed cases by infection date,Unsure
1100452,12,0,27,5,14,9,12,New confirmed cases by infection date,Likely increasing
1303809,12,0,34,4,15,7,11,New confirmed cases by infection date,Unsure
2311801,12,4,24,8,14,8,11,New confirmed cases by infection date,Unsure
2932903,12,4,21,9,14,10,12,New confirmed cases by infection date,Unsure
3168606,12,1,27,6,15,8,11,New confirmed cases by infection date,Unsure
3557006,12,1,21,8,16,11,14,New confirmed cases by infection date,Likely decreasing
4211306,12,0,37,2,14,4,8,New confirmed cases by infection date,Likely decreasing
4219507,12,0,25,6,14,8,11,New confirmed cases by infection date,Unsure
4318002,12,0,33,5,13,8,10,New confirmed cases by infection date,Unsure
4322400,12,3,23,7,13,8,10,New confirmed cases by infection date,Unsure
5200308,12,0,30,6,14,7,10,New confirmed cases by infection date,Unsure
1100338,11,0,57,0,11,4,8,New confirmed cases by infection date,Unsure
1507953,11,0,43,3,14,6,9,New confirmed cases by infection date,Unsure
2302503,11,2,26,6,14,8,11,New confirmed cases by infection date,Likely decreasing
2307700,11,0,27,4,13,5,8,New confirmed cases by infection date,Unsure
2311306,11,3,22,7,13,9,11,New confirmed cases by infection date,Unsure
2706703,11,0,44,3,13,5,8,New confirmed cases by infection date,Unsure
2906501,11,3,20,7,13,8,10,New confirmed cases by infection date,Unsure
2931905,11,0,38,0,11,5,8,New confirmed cases by infection date,Unsure
3170701,11,1,22,6,13,6,9,New confirmed cases by infection date,Unsure
3300209,11,0,38,3,14,7,11,New confirmed cases by infection date,Unsure
3510500,11,2,22,6,13,9,11,New confirmed cases by infection date,Decreasing
3524006,11,0,25,5,13,7,10,New confirmed cases by infection date,Unsure
3527108,11,0,24,4,14,6,10,New confirmed cases by infection date,Likely decreasing
4107207,11,3,21,7,13,9,11,New confirmed cases by infection date,Likely decreasing
4109807,11,3,22,7,13,8,11,New confirmed cases by infection date,Unsure
4203600,11,0,25,5,14,6,9,New confirmed cases by infection date,Unsure
4214805,11,0,26,6,13,9,11,New confirmed cases by infection date,Unsure
4303905,11,0,22,7,14,9,12,New confirmed cases by infection date,Likely decreasing
1600279,10,0,20,6,13,7,10,New confirmed cases by infection date,Likely decreasing
2104800,10,4,16,7,11,8,10,New confirmed cases by infection date,Likely decreasing
2111102,10,0,23,4,12,6,9,New confirmed cases by infection date,Unsure
2201150,10,0,24,6,14,8,10,New confirmed cases by infection date,Unsure
2306900,10,0,20,5,11,7,9,New confirmed cases by infection date,Unsure
2616407,10,1,21,6,13,8,10,New confirmed cases by infection date,Unsure
2804805,10,0,28,5,13,6,9,New confirmed cases by infection date,Unsure
3119401,10,3,20,7,12,8,9,New confirmed cases by infection date,Decreasing
3203056,10,2,23,7,13,7,9,New confirmed cases by infection date,Unsure
3302205,10,0,31,2,12,5,8,New confirmed cases by infection date,Unsure
3305109,10,0,23,4,11,7,9,New confirmed cases by infection date,Unsure
3509007,10,1,18,8,14,9,11,New confirmed cases by infection date,Likely decreasing
3512407,10,0,22,6,12,7,9,New confirmed cases by infection date,Unsure
3525706,10,1,23,6,12,8,10,New confirmed cases by infection date,Unsure
3539509,10,2,20,5,11,8,10,New confirmed cases by infection date,Unsure
4202800,10,0,24,5,13,7,10,New confirmed cases by infection date,Unsure
4203204,10,0,19,5,11,7,9,New confirmed cases by infection date,Likely decreasing
4205902,10,0,21,4,12,8,11,New confirmed cases by infection date,Likely decreasing
4207007,10,0,21,4,12,8,11,New confirmed cases by infection date,Likely decreasing
4306767,10,0,23,6,13,8,11,New confirmed cases by infection date,Likely decreasing
1100114,9,3,17,6,11,7,9,New confirmed cases by infection date,Unsure
1301704,9,0,20,5,11,6,8,New confirmed cases by infection date,Likely decreasing
1501808,9,0,19,4,10,6,9,New confirmed cases by infection date,Unsure
2201903,9,5,15,7,10,8,9,New confirmed cases by infection date,Likely decreasing
2513703,9,0,41,0,9,0,3,New confirmed cases by infection date,Unsure
2802908,9,0,21,4,11,7,10,New confirmed cases by infection date,Likely decreasing
2918001,9,0,21,3,11,5,8,New confirmed cases by infection date,Decreasing
3157807,9,0,23,3,10,4,6,New confirmed cases by infection date,Unsure
3202801,9,0,22,4,11,6,8,New confirmed cases by infection date,Unsure
3503802,9,2,19,7,11,8,9,New confirmed cases by infection date,Unsure
3506508,9,3,18,6,11,7,8,New confirmed cases by infection date,Likely decreasing
3508504,9,0,16,5,12,6,8,New confirmed cases by infection date,Likely decreasing
3515004,9,0,17,6,12,8,11,New confirmed cases by infection date,Decreasing
3515186,9,2,18,6,10,7,9,New confirmed cases by infection date,Unsure
3516309,9,4,16,7,11,8,9,New confirmed cases by infection date,Decreasing
3519600,9,1,16,6,11,8,10,New confirmed cases by infection date,Likely decreasing
3523107,9,3,15,6,10,8,9,New confirmed cases by infection date,Decreasing
3524709,9,1,17,6,11,7,9,New confirmed cases by infection date,Likely decreasing
3534708,9,3,17,6,11,7,9,New confirmed cases by infection date,Likely decreasing
3539806,9,1,15,6,11,8,10,New confirmed cases by infection date,Likely decreasing
3549409,9,3,17,6,10,6,8,New confirmed cases by infection date,Unsure
3551900,9,0,21,4,10,6,8,New confirmed cases by infection date,Unsure
4303509,9,0,21,5,12,6,9,New confirmed cases by infection date,Unsure
4310207,9,1,19,5,11,7,9,New confirmed cases by infection date,Unsure
4312401,9,0,18,5,12,6,8,New confirmed cases by infection date,Unsure
4321204,9,0,26,3,11,5,7,New confirmed cases by infection date,Unsure
1100015,8,4,14,6,10,7,8,New confirmed cases by infection date,Unsure
2706307,8,0,18,5,10,7,9,New confirmed cases by infection date,Likely decreasing
2915601,8,0,19,3,10,6,9,New confirmed cases by infection date,Likely decreasing
2917102,8,0,19,5,10,6,8,New confirmed cases by infection date,Unsure
3136207,8,1,16,4,9,6,8,New confirmed cases by infection date,Likely decreasing
3503901,8,4,15,6,10,8,9,New confirmed cases by infection date,Likely decreasing
3518404,8,1,16,4,9,6,7,New confirmed cases by infection date,Likely decreasing
3526803,8,0,16,5,11,7,9,New confirmed cases by infection date,Likely decreasing
3531803,8,1,14,5,10,6,7,New confirmed cases by infection date,Likely decreasing
3542206,8,0,15,5,9,6,8,New confirmed cases by infection date,Unsure
3543907,8,4,14,6,9,7,8,New confirmed cases by infection date,Decreasing
3556701,8,2,14,6,10,8,9,New confirmed cases by infection date,Likely decreasing
4100400,8,2,13,5,9,7,8,New confirmed cases by infection date,Likely decreasing
4202305,8,0,17,3,10,6,8,New confirmed cases by infection date,Likely decreasing
4204301,8,2,15,5,9,6,8,New confirmed cases by infection date,Decreasing
4307609,8,0,19,3,9,5,7,New confirmed cases by infection date,Likely decreasing
5001102,8,0,18,3,11,6,8,New confirmed cases by infection date,Decreasing
2105476,7,0,14,3,8,4,6,New confirmed cases by infection date,Unsure
2112605,7,0,20,2,9,5,7,New confirmed cases by infection date,Likely decreasing
2201200,7,0,15,2,9,3,6,New confirmed cases by infection date,Likely decreasing
2205508,7,1,15,4,8,5,6,New confirmed cases by infection date,Likely decreasing
2207009,7,2,12,5,8,7,8,New confirmed cases by infection date,Likely decreasing
2211209,7,0,12,4,9,6,8,New confirmed cases by infection date,Likely decreasing
2307650,7,2,17,4,9,6,7,New confirmed cases by infection date,Decreasing
2311405,7,2,15,5,9,6,7,New confirmed cases by infection date,Likely decreasing
2313401,7,0,14,3,8,5,6,New confirmed cases by infection date,Likely decreasing
2907509,7,1,14,5,9,5,7,New confirmed cases by infection date,Likely decreasing
2910057,7,1,14,4,8,6,7,New confirmed cases by infection date,Likely decreasing
3156700,7,3,12,5,8,5,6,New confirmed cases by infection date,Likely decreasing
3158953,7,1,16,3,8,4,6,New confirmed cases by infection date,Likely decreasing
3203320,7,1,12,4,9,6,8,New confirmed cases by infection date,Likely decreasing
3204906,7,0,16,3,8,5,7,New confirmed cases by infection date,Decreasing
3504008,7,2,12,4,7,5,6,New confirmed cases by infection date,Likely decreasing
3512803,7,0,14,3,8,6,7,New confirmed cases by infection date,Likely decreasing
3516408,7,0,13,6,10,6,8,New confirmed cases by infection date,Decreasing
3520509,7,2,15,5,9,5,7,New confirmed cases by infection date,Decreasing
3522109,7,3,14,5,8,6,7,New confirmed cases by infection date,Likely decreasing
3522505,7,0,14,5,10,5,7,New confirmed cases by infection date,Likely decreasing
3525003,7,0,12,4,8,5,7,New confirmed cases by infection date,Likely decreasing
3540705,7,0,14,5,9,6,8,New confirmed cases by infection date,Likely decreasing
3553401,7,0,13,4,9,6,7,New confirmed cases by infection date,Likely decreasing
4127106,7,3,14,5,9,7,8,New confirmed cases by infection date,Decreasing
4209003,7,1,13,4,9,6,7,New confirmed cases by infection date,Likely decreasing
4211702,7,0,31,0,7,0,2,New confirmed cases by infection date,Unsure
4311809,7,0,17,3,9,5,7,New confirmed cases by infection date,Likely decreasing
5209705,7,1,13,4,8,5,7,New confirmed cases by infection date,Unsure
1100155,6,0,11,3,7,5,6,New confirmed cases by infection date,Likely decreasing
1200708,6,1,15,4,8,5,6,New confirmed cases by infection date,Likely decreasing
1504455,6,0,13,3,8,5,6,New confirmed cases by infection date,Likely decreasing
1708205,6,0,20,1,7,4,6,New confirmed cases by infection date,Unsure
2103505,6,3,11,5,7,6,7,New confirmed cases by infection date,Likely decreasing
2111607,6,0,19,1,7,3,5,New confirmed cases by infection date,Unsure
2202208,6,2,11,4,7,4,6,New confirmed cases by infection date,Likely decreasing
2314102,6,2,12,4,7,5,6,New confirmed cases by infection date,Likely decreasing
2708006,6,2,11,4,7,5,6,New confirmed cases by infection date,Likely decreasing
3201407,6,1,12,2,6,4,6,New confirmed cases by infection date,Likely decreasing
3517505,6,0,13,3,7,4,6,New confirmed cases by infection date,Likely decreasing
3522208,6,1,11,4,8,6,7,New confirmed cases by infection date,Decreasing
3542602,6,3,11,4,7,5,6,New confirmed cases by infection date,Likely decreasing
3555406,6,1,15,3,7,3,5,New confirmed cases by infection date,Likely decreasing
4310108,6,1,13,3,6,3,5,New confirmed cases by infection date,Likely decreasing
5200258,6,2,11,3,7,4,5,New confirmed cases by infection date,Decreasing
1100106,5,2,10,3,6,4,5,New confirmed cases by infection date,Decreasing
1505437,5,0,11,1,6,4,6,New confirmed cases by infection date,Likely decreasing
1600501,5,0,11,2,6,3,4,New confirmed cases by infection date,Likely decreasing
2615300,5,0,11,2,6,3,4,New confirmed cases by infection date,Likely decreasing
2704708,5,0,11,3,7,3,5,New confirmed cases by infection date,Likely decreasing
2906873,5,1,10,3,6,4,5,New confirmed cases by infection date,Likely decreasing
2921104,5,1,10,2,6,4,5,New confirmed cases by infection date,Likely decreasing
3144300,5,0,11,2,6,3,4,New confirmed cases by infection date,Likely decreasing
3201506,5,1,10,4,6,4,5,New confirmed cases by infection date,Decreasing
3203908,5,1,10,4,7,5,6,New confirmed cases by infection date,Likely decreasing
3304300,5,0,14,1,6,2,4,New confirmed cases by infection date,Likely decreasing
3304524,5,1,12,1,5,3,4,New confirmed cases by infection date,Likely decreasing
3306008,5,0,22,1,6,2,4,New confirmed cases by infection date,Likely decreasing
3513504,5,1,10,3,7,4,5,New confirmed cases by infection date,Decreasing
3520400,5,0,16,1,6,2,4,New confirmed cases by infection date,Likely decreasing
3531902,5,1,10,4,6,5,6,New confirmed cases by infection date,Likely decreasing
3550704,5,1,11,3,6,3,5,New confirmed cases by infection date,Likely decreasing
3556206,5,3,9,4,6,4,5,New confirmed cases by infection date,Decreasing
3556503,5,1,10,3,6,4,5,New confirmed cases by infection date,Decreasing
4216305,5,0,11,3,7,4,5,New confirmed cases by infection date,Likely decreasing
2303709,4,1,7,3,5,3,4,New confirmed cases by infection date,Decreasing
2400208,4,0,12,0,4,2,3,New confirmed cases by infection date,Likely decreasing
2612505,4,0,11,0,4,2,4,New confirmed cases by infection date,Decreasing
2917607,4,0,86,0,4,0,0,New confirmed cases by infection date,Likely decreasing
3506359,4,0,12,2,5,3,4,New confirmed cases by infection date,Likely decreasing
3513405,4,0,12,1,5,2,4,New confirmed cases by infection date,Likely decreasing
3516705,4,0,9,2,5,2,4,New confirmed cases by infection date,Likely decreasing
4201406,4,0,12,0,4,0,1,New confirmed cases by infection date,Decreasing
5007901,4,1,8,3,5,3,4,New confirmed cases by infection date,Decreasing
1100080,3,0,7,1,3,2,3,New confirmed cases by infection date,Unsure
1100098,3,0,6,1,3,2,3,New confirmed cases by infection date,Likely decreasing
1100189,3,0,8,1,4,3,4,New confirmed cases by infection date,Likely decreasing
1100924,3,0,8,1,4,1,2,New confirmed cases by infection date,Likely decreasing
1501303,3,0,13,0,3,0,1,New confirmed cases by infection date,Likely decreasing
2803500,3,1,8,2,4,2,3,New confirmed cases by infection date,Decreasing
2912905,3,0,7,2,4,2,3,New confirmed cases by infection date,Decreasing
3541604,3,1,7,1,4,2,3,New confirmed cases by infection date,Decreasing
3546306,3,0,8,0,3,0,1,New confirmed cases by infection date,Decreasing
4207502,3,0,7,0,3,1,2,New confirmed cases by infection date,Decreasing
4208807,3,0,9,1,4,2,3,New confirmed cases by infection date,Likely decreasing
4212502,3,0,8,1,4,1,2,New confirmed cases by infection date,Likely decreasing
1100254,2,0,4,1,2,1,1,New confirmed cases by infection date,Decreasing
1505809,2,0,7,1,3,1,2,New confirmed cases by infection date,Likely decreasing
3204708,2,1,3,2,2,2,2,New confirmed cases by infection date,Decreasing
3546801,2,0,5,1,3,2,2,New confirmed cases by infection date,Decreasing
5203500,1.44,1.22,1.65,1.38,1.5,1.41,1.45,Effective reproduction no.,Increasing
3518503,1.25,0.94,1.49,1.18,1.33,1.23,1.28,Effective reproduction no.,Likely increasing
2305902,1.21,1.09,1.31,1.17,1.23,1.2,1.22,Effective reproduction no.,Increasing
4310009,1.21,1.04,1.34,1.17,1.26,1.22,1.24,Effective reproduction no.,Increasing
4314902,1.19,1.07,1.29,1.16,1.22,1.17,1.19,Effective reproduction no.,Increasing
1200609,1.18,1.06,1.32,1.15,1.22,1.16,1.19,Effective reproduction no.,Increasing
2107902,1.18,0.95,1.41,1.12,1.27,1.15,1.2,Effective reproduction no.,Likely increasing
2500304,1.18,1.08,1.27,1.15,1.21,1.16,1.18,Effective reproduction no.,Increasing
3530508,1.18,1.03,1.32,1.15,1.23,1.18,1.21,Effective reproduction no.,Increasing
3301702,1.16,0.95,1.33,1.11,1.21,1.15,1.19,Effective reproduction no.,Likely increasing
3502101,1.16,1.05,1.29,1.13,1.19,1.15,1.17,Effective reproduction no.,Increasing
3539202,1.15,1.01,1.27,1.12,1.19,1.14,1.16,Effective reproduction no.,Likely increasing
1503606,1.14,0.48,1.82,0.89,1.4,1,1.18,Effective reproduction no.,Unsure
2305407,1.14,1,1.27,1.11,1.18,1.13,1.16,Effective reproduction no.,Likely increasing
2308708,1.14,1.04,1.26,1.1,1.16,1.12,1.15,Effective reproduction no.,Increasing
2904605,1.14,1.04,1.24,1.11,1.17,1.14,1.16,Effective reproduction no.,Increasing
4113205,1.14,1.01,1.27,1.1,1.17,1.14,1.17,Effective reproduction no.,Increasing
4203006,1.14,0.96,1.35,1.09,1.21,1.12,1.16,Effective reproduction no.,Likely increasing
2924009,1.13,1,1.22,1.1,1.16,1.13,1.15,Effective reproduction no.,Likely increasing
3533502,1.13,0.98,1.24,1.1,1.18,1.12,1.15,Effective reproduction no.,Likely increasing
3549904,1.13,0.8,1.47,0.99,1.24,1.08,1.17,Effective reproduction no.,Unsure
3553708,1.13,1.03,1.22,1.1,1.16,1.12,1.14,Effective reproduction no.,Increasing
4317509,1.13,1.03,1.24,1.1,1.16,1.12,1.15,Effective reproduction no.,Increasing
4321451,1.13,0.96,1.3,1.09,1.16,1.12,1.14,Effective reproduction no.,Likely increasing
1709302,1.12,0.67,1.56,0.95,1.29,1.04,1.15,Effective reproduction no.,Unsure
2105302,1.12,1.06,1.18,1.1,1.13,1.11,1.13,Effective reproduction no.,Increasing
2313302,1.12,1.03,1.19,1.1,1.14,1.11,1.13,Effective reproduction no.,Increasing
2507002,1.12,1.02,1.22,1.09,1.15,1.12,1.14,Effective reproduction no.,Increasing
3506102,1.12,0.99,1.24,1.09,1.16,1.11,1.14,Effective reproduction no.,Likely increasing
4313508,1.12,0.96,1.27,1.08,1.17,1.12,1.15,Effective reproduction no.,Likely increasing
5221403,1.12,0.89,1.36,1.05,1.23,1.08,1.14,Effective reproduction no.,Likely increasing
2111805,1.11,0.97,1.19,1.09,1.15,1.1,1.12,Effective reproduction no.,Likely increasing
2401008,1.11,0.94,1.29,1.07,1.17,1.09,1.12,Effective reproduction no.,Likely increasing
3101607,1.11,1.01,1.22,1.08,1.14,1.09,1.12,Effective reproduction no.,Likely increasing
4309308,1.11,0.59,1.67,0.88,1.31,1.03,1.17,Effective reproduction no.,Unsure
4323002,1.11,0.99,1.21,1.08,1.14,1.1,1.12,Effective reproduction no.,Likely increasing
5208608,1.11,1.04,1.17,1.09,1.13,1.1,1.11,Effective reproduction no.,Increasing
1505502,1.1,0.98,1.26,1.06,1.13,1.08,1.11,Effective reproduction no.,Likely increasing
2304103,1.1,1.03,1.18,1.08,1.12,1.09,1.1,Effective reproduction no.,Increasing
4113700,1.1,0.97,1.19,1.07,1.14,1.1,1.12,Effective reproduction no.,Likely increasing
5002902,1.1,1,1.17,1.09,1.14,1.11,1.13,Effective reproduction no.,Likely increasing
1100130,1.09,0.95,1.22,1.05,1.12,1.08,1.11,Effective reproduction no.,Likely increasing
1504208,1.09,0.95,1.21,1.06,1.14,1.08,1.11,Effective reproduction no.,Likely increasing
2104057,1.09,0.75,1.34,1.01,1.23,1.1,1.18,Effective reproduction no.,Unsure
2513901,1.09,1.03,1.14,1.07,1.1,1.09,1.1,Effective reproduction no.,Increasing
3539301,1.09,0.96,1.2,1.06,1.12,1.08,1.1,Effective reproduction no.,Likely increasing
4127700,1.09,0.97,1.2,1.06,1.13,1.07,1.1,Effective reproduction no.,Likely increasing
4306106,1.09,0.97,1.21,1.07,1.13,1.08,1.1,Effective reproduction no.,Likely increasing
4315602,1.09,0.97,1.2,1.06,1.13,1.08,1.1,Effective reproduction no.,Likely increasing
5001003,1.09,0.95,1.19,1.05,1.12,1.08,1.1,Effective reproduction no.,Likely increasing
5201108,1.09,1.02,1.16,1.07,1.11,1.08,1.1,Effective reproduction no.,Increasing
2101707,1.08,0.95,1.17,1.05,1.11,1.06,1.09,Effective reproduction no.,Likely increasing
2914604,1.08,1,1.16,1.06,1.11,1.07,1.09,Effective reproduction no.,Likely increasing
3104007,1.08,0.96,1.22,1.03,1.11,1.05,1.08,Effective reproduction no.,Likely increasing
3133808,1.08,0.99,1.19,1.05,1.11,1.07,1.09,Effective reproduction no.,Likely increasing
3302502,1.08,0.89,1.24,1.03,1.13,1.07,1.1,Effective reproduction no.,Likely increasing
1200203,1.07,0.91,1.21,1.04,1.12,1.06,1.09,Effective reproduction no.,Likely increasing
2302404,1.07,0.9,1.19,1.03,1.11,1.07,1.1,Effective reproduction no.,Likely increasing
3127107,1.07,0.98,1.14,1.05,1.09,1.06,1.08,Effective reproduction no.,Likely increasing
3300407,1.07,0.92,1.23,1.03,1.11,1.05,1.08,Effective reproduction no.,Likely increasing
3301009,1.07,0.88,1.22,1.01,1.11,1.05,1.09,Effective reproduction no.,Unsure
3514403,1.07,0.95,1.19,1.04,1.1,1.06,1.08,Effective reproduction no.,Likely increasing
4102406,1.07,0.99,1.17,1.05,1.1,1.06,1.08,Effective reproduction no.,Likely increasing
4208203,1.07,0.95,1.16,1.04,1.1,1.05,1.08,Effective reproduction no.,Likely increasing
4316907,1.07,0.98,1.16,1.04,1.1,1.07,1.08,Effective reproduction no.,Likely increasing
5008305,1.07,1.01,1.15,1.06,1.09,1.06,1.08,Effective reproduction no.,Likely increasing
5209101,1.07,0.92,1.2,1.03,1.12,1.05,1.08,Effective reproduction no.,Likely increasing
5218003,1.07,0.6,1.38,0.99,1.22,1.06,1.14,Effective reproduction no.,Unsure
2930501,1.06,0.91,1.19,1.02,1.1,1.06,1.08,Effective reproduction no.,Likely increasing
2931350,1.06,0.94,1.15,1.02,1.08,1.05,1.07,Effective reproduction no.,Likely increasing
3118007,1.06,1.01,1.12,1.05,1.09,1.06,1.07,Effective reproduction no.,Increasing
3134202,1.06,0.97,1.14,1.03,1.08,1.05,1.07,Effective reproduction no.,Likely increasing
3305802,1.06,0.86,1.26,1,1.13,1.03,1.08,Effective reproduction no.,Unsure
3518701,1.06,0.88,1.24,0.98,1.12,1.01,1.06,Effective reproduction no.,Unsure
3543303,1.06,0.98,1.13,1.04,1.08,1.05,1.06,Effective reproduction no.,Likely increasing
4101408,1.06,0.96,1.15,1.03,1.09,1.04,1.06,Effective reproduction no.,Likely increasing
4108304,1.06,0.9,1.25,1.01,1.12,1.04,1.08,Effective reproduction no.,Unsure
5003207,1.06,0.94,1.15,1.04,1.08,1.06,1.08,Effective reproduction no.,Likely increasing
5204508,1.06,0.98,1.17,1.03,1.09,1.05,1.07,Effective reproduction no.,Likely increasing
5208004,1.06,0.88,1.23,1.02,1.13,1.03,1.07,Effective reproduction no.,Unsure
5210208,1.06,1.01,1.11,1.04,1.08,1.05,1.06,Effective reproduction no.,Increasing
5219308,1.06,0.96,1.14,1.03,1.08,1.05,1.06,Effective reproduction no.,Likely increasing
1100452,1.05,0.92,1.17,1.02,1.09,1.05,1.07,Effective reproduction no.,Likely increasing
1303403,1.05,0.99,1.09,1.04,1.06,1.05,1.05,Effective reproduction no.,Likely increasing
1718204,1.05,0.91,1.16,1.01,1.09,1.04,1.07,Effective reproduction no.,Unsure
2114007,1.05,0.91,1.2,1.01,1.09,1.04,1.07,Effective reproduction no.,Unsure
2601201,1.05,0.79,1.24,0.97,1.13,1.04,1.09,Effective reproduction no.,Unsure
2612208,1.05,0.82,1.23,1,1.13,1.05,1.09,Effective reproduction no.,Unsure
2613503,1.05,0.97,1.16,1.03,1.08,1.04,1.06,Effective reproduction no.,Likely increasing
3147006,1.05,0.92,1.19,1.02,1.1,1.04,1.07,Effective reproduction no.,Likely increasing
3170107,1.05,0.92,1.19,1,1.09,1.06,1.09,Effective reproduction no.,Unsure
3301850,1.05,0.85,1.21,1.01,1.1,1.03,1.07,Effective reproduction no.,Unsure
3303906,1.05,0.93,1.17,1.02,1.09,1.04,1.06,Effective reproduction no.,Likely increasing
3524808,1.05,0.91,1.17,1.01,1.09,1.03,1.06,Effective reproduction no.,Unsure
3525300,1.05,0.98,1.13,1.03,1.07,1.04,1.06,Effective reproduction no.,Likely increasing
3526902,1.05,0.84,1.24,0.98,1.12,1.04,1.08,Effective reproduction no.,Unsure
3530805,1.05,0.94,1.14,1.02,1.08,1.03,1.05,Effective reproduction no.,Likely increasing
3554003,1.05,0.99,1.13,1.04,1.08,1.05,1.06,Effective reproduction no.,Likely increasing
4103701,1.05,0.94,1.14,1.02,1.08,1.05,1.07,Effective reproduction no.,Likely increasing
4205407,1.05,0.87,1.2,1,1.11,1.03,1.07,Effective reproduction no.,Unsure
4209409,1.05,0.83,1.27,0.98,1.14,1.04,1.1,Effective reproduction no.,Unsure
4314407,1.05,0.96,1.13,1.03,1.07,1.04,1.05,Effective reproduction no.,Likely increasing
5003702,1.05,0.93,1.14,1.03,1.09,1.05,1.07,Effective reproduction no.,Likely increasing
5006606,1.05,0.99,1.11,1.04,1.07,1.04,1.06,Effective reproduction no.,Likely increasing
5201405,1.05,0.97,1.14,1.03,1.07,1.05,1.06,Effective reproduction no.,Likely increasing
5214606,1.05,0.94,1.15,1.02,1.07,1.03,1.05,Effective reproduction no.,Likely increasing
1600600,1.04,0.9,1.15,1.01,1.08,1.03,1.05,Effective reproduction no.,Unsure
2908408,1.04,0.97,1.12,1.02,1.06,1.04,1.05,Effective reproduction no.,Likely increasing
3103504,1.04,0.98,1.12,1.02,1.06,1.03,1.05,Effective reproduction no.,Likely increasing
3151800,1.04,0.95,1.12,1.01,1.06,1.03,1.04,Effective reproduction no.,Likely increasing
3152501,1.04,0.78,1.31,0.95,1.14,1.02,1.09,Effective reproduction no.,Unsure
3162104,1.04,0.89,1.16,1.01,1.08,1.03,1.06,Effective reproduction no.,Unsure
3301900,1.04,0.86,1.2,0.99,1.08,1.02,1.05,Effective reproduction no.,Unsure
3503307,1.04,0.93,1.14,1.01,1.08,1.02,1.05,Effective reproduction no.,Unsure
3517406,1.04,0.97,1.11,1.02,1.06,1.03,1.05,Effective reproduction no.,Likely increasing
3526407,1.04,0.96,1.13,1.01,1.06,1.04,1.06,Effective reproduction no.,Likely increasing
3530300,1.04,1,1.1,1.03,1.06,1.04,1.05,Effective reproduction no.,Likely increasing
4125506,1.04,0.92,1.12,1.02,1.08,1.02,1.05,Effective reproduction no.,Unsure
4126256,1.04,0.97,1.12,1.02,1.05,1.03,1.05,Effective reproduction no.,Likely increasing
4216602,1.04,0.93,1.14,1.01,1.07,1.03,1.05,Effective reproduction no.,Unsure
4300604,1.04,0.87,1.17,1.01,1.09,1.03,1.06,Effective reproduction no.,Unsure
4305108,1.04,0.93,1.12,1.01,1.06,1.02,1.04,Effective reproduction no.,Likely increasing
4319901,1.04,0.89,1.18,1.01,1.08,1.02,1.05,Effective reproduction no.,Unsure
5205109,1.04,0.96,1.11,1.02,1.06,1.03,1.05,Effective reproduction no.,Likely increasing
5212501,1.04,0.9,1.15,1.01,1.08,1.03,1.06,Effective reproduction no.,Unsure
1501402,1.03,0.9,1.15,0.99,1.06,1.01,1.03,Effective reproduction no.,Unsure
1507300,1.03,0.91,1.16,0.99,1.06,1.01,1.04,Effective reproduction no.,Unsure
2305803,1.03,0.93,1.11,1.01,1.06,1.01,1.03,Effective reproduction no.,Unsure
2307700,1.03,0.89,1.14,0.99,1.06,1.02,1.05,Effective reproduction no.,Unsure
2606002,1.03,0.94,1.13,1,1.06,1.04,1.06,Effective reproduction no.,Unsure
2706703,1.03,0.86,1.21,0.97,1.08,1.01,1.05,Effective reproduction no.,Unsure
3156908,1.03,0.9,1.16,1,1.06,1.03,1.05,Effective reproduction no.,Unsure
3168705,1.03,0.89,1.18,0.98,1.06,1,1.03,Effective reproduction no.,Unsure
3205002,1.03,0.53,1.48,0.83,1.19,1.05,1.19,Effective reproduction no.,Unsure
3501905,1.03,0.91,1.13,1,1.06,1.01,1.03,Effective reproduction no.,Unsure
3506003,1.03,0.99,1.09,1.02,1.05,1.03,1.04,Effective reproduction no.,Likely increasing
3510401,1.03,0.93,1.13,1,1.06,1.02,1.04,Effective reproduction no.,Unsure
3529005,1.03,0.98,1.08,1.01,1.04,1.02,1.03,Effective reproduction no.,Likely increasing
3529401,1.03,0.93,1.1,1,1.05,1.02,1.04,Effective reproduction no.,Unsure
3531308,1.03,0.9,1.16,0.98,1.06,1.01,1.04,Effective reproduction no.,Unsure
3554102,1.03,0.93,1.13,1,1.06,1.02,1.04,Effective reproduction no.,Unsure
4104907,1.03,0.95,1.09,1,1.04,1.02,1.04,Effective reproduction no.,Unsure
4119905,1.03,0.74,1.32,0.92,1.14,0.99,1.07,Effective reproduction no.,Unsure
4216206,1.03,0.93,1.11,1,1.05,1.02,1.04,Effective reproduction no.,Unsure
4301602,1.03,0.93,1.12,1,1.05,1.01,1.03,Effective reproduction no.,Unsure
4307005,1.03,0.94,1.13,1,1.06,1.02,1.04,Effective reproduction no.,Unsure
4307906,1.03,0.91,1.14,0.99,1.06,1.01,1.03,Effective reproduction no.,Unsure
5007208,1.03,0.91,1.12,1.01,1.07,1.01,1.04,Effective reproduction no.,Unsure
5208707,1.03,0.98,1.08,1.01,1.04,1.02,1.03,Effective reproduction no.,Likely increasing
5217609,1.03,0.95,1.12,1.01,1.05,1.03,1.05,Effective reproduction no.,Likely increasing
5220454,1.03,0.96,1.12,1.01,1.05,1.02,1.03,Effective reproduction no.,Likely increasing
5221858,1.03,0.97,1.08,1.01,1.04,1.03,1.04,Effective reproduction no.,Likely increasing
1100049,1.02,0.94,1.12,0.99,1.04,1.02,1.04,Effective reproduction no.,Unsure
1100122,1.02,0.94,1.11,0.99,1.05,1.02,1.04,Effective reproduction no.,Unsure
1505536,1.02,0.86,1.2,0.96,1.07,1,1.03,Effective reproduction no.,Unsure
1506138,1.02,0.93,1.1,1,1.05,1.02,1.04,Effective reproduction no.,Unsure
2104073,1.02,0.92,1.14,0.98,1.05,1.01,1.04,Effective reproduction no.,Unsure
3147907,1.02,0.86,1.2,0.97,1.07,0.99,1.03,Effective reproduction no.,Unsure
3203056,1.02,0.92,1.11,0.99,1.05,1.01,1.03,Effective reproduction no.,Unsure
3300100,1.02,0.83,1.16,0.97,1.07,1,1.03,Effective reproduction no.,Unsure
3303401,1.02,0.83,1.18,0.98,1.08,1.01,1.04,Effective reproduction no.,Unsure
3507605,1.02,0.92,1.12,0.99,1.05,1.02,1.04,Effective reproduction no.,Unsure
3515707,1.02,0.93,1.1,0.99,1.04,1.01,1.02,Effective reproduction no.,Unsure
3530706,1.02,0.97,1.09,1.01,1.04,1.02,1.03,Effective reproduction no.,Likely increasing
3551702,1.02,0.93,1.13,1,1.05,1.01,1.03,Effective reproduction no.,Unsure
4104808,1.02,0.95,1.09,1,1.04,1.01,1.02,Effective reproduction no.,Unsure
4115200,1.02,0.95,1.09,1,1.04,1,1.02,Effective reproduction no.,Unsure
4218004,1.02,0.88,1.13,0.99,1.05,1.01,1.03,Effective reproduction no.,Unsure
4309100,1.02,0.9,1.11,1,1.05,1.02,1.04,Effective reproduction no.,Unsure
4311403,1.02,0.77,1.23,0.94,1.11,1.02,1.08,Effective reproduction no.,Unsure
4317202,1.02,0.88,1.11,0.99,1.05,1.01,1.04,Effective reproduction no.,Unsure
5220108,1.02,0.91,1.14,0.98,1.05,1.02,1.04,Effective reproduction no.,Unsure
1100338,1.01,0.76,1.24,0.93,1.12,1,1.07,Effective reproduction no.,Unsure
1200401,1.01,0.94,1.07,0.99,1.02,1,1.01,Effective reproduction no.,Unsure
1302603,1.01,0.9,1.12,0.97,1.05,1,1.03,Effective reproduction no.,Unsure
1506708,1.01,0.91,1.11,0.97,1.03,1,1.02,Effective reproduction no.,Unsure
1702109,1.01,0.88,1.12,0.98,1.05,0.99,1.02,Effective reproduction no.,Unsure
1709500,1.01,0.89,1.13,0.98,1.05,0.99,1.02,Effective reproduction no.,Unsure
2101608,1.01,0.88,1.13,0.97,1.05,1.01,1.03,Effective reproduction no.,Unsure
2111300,1.01,0.97,1.05,1,1.02,1.01,1.01,Effective reproduction no.,Unsure
2301901,1.01,0.7,1.24,0.95,1.14,0.99,1.06,Effective reproduction no.,Unsure
2305506,1.01,0.93,1.1,0.98,1.03,0.99,1.01,Effective reproduction no.,Unsure
2503704,1.01,0.94,1.07,1,1.04,1.01,1.02,Effective reproduction no.,Unsure
2910800,1.01,0.92,1.09,0.99,1.03,1,1.01,Effective reproduction no.,Unsure
2932903,1.01,0.94,1.08,0.99,1.03,1,1.02,Effective reproduction no.,Unsure
3132404,1.01,0.92,1.09,0.99,1.03,0.99,1.01,Effective reproduction no.,Unsure
3169901,1.01,0.9,1.14,0.97,1.04,0.98,1.01,Effective reproduction no.,Unsure
3303302,1.01,0.81,1.21,0.95,1.06,0.98,1.02,Effective reproduction no.,Unsure
3303500,1.01,0.87,1.14,0.99,1.07,1,1.03,Effective reproduction no.,Unsure
4101804,1.01,0.94,1.09,1,1.04,1.01,1.03,Effective reproduction no.,Unsure
4207304,1.01,0.76,1.24,0.92,1.1,1,1.06,Effective reproduction no.,Unsure
4312401,1.01,0.89,1.1,0.98,1.03,1,1.02,Effective reproduction no.,Unsure
4314050,1.01,0.91,1.12,0.97,1.03,1,1.03,Effective reproduction no.,Unsure
4316808,1.01,0.91,1.09,0.98,1.03,1,1.02,Effective reproduction no.,Unsure
4318002,1.01,0.93,1.11,0.99,1.04,1,1.02,Effective reproduction no.,Unsure
5205497,1.01,0.88,1.18,0.96,1.05,1,1.03,Effective reproduction no.,Unsure
5211503,1.01,0.92,1.08,0.99,1.04,1,1.02,Effective reproduction no.,Unsure
5213806,1.01,0.94,1.07,0.99,1.03,1.01,1.02,Effective reproduction no.,Unsure
5218805,1.01,0.9,1.13,0.98,1.04,0.98,1.01,Effective reproduction no.,Unsure
1400308,1,0,5,0,1,0,0,New confirmed cases by infection date,Decreasing
1500305,1,0,3,0,1,0,1,New confirmed cases by infection date,Decreasing
1600808,1,0.83,1.13,0.95,1.06,0.98,1.02,Effective reproduction no.,Unsure
1716109,1,0.85,1.14,0.95,1.04,0.99,1.02,Effective reproduction no.,Unsure
2211001,1,0.94,1.07,0.99,1.02,1,1.01,Effective reproduction no.,Unsure
2304509,1,0,4,0,1,0,1,New confirmed cases by infection date,Decreasing
2516201,1,0.85,1.14,0.96,1.04,0.99,1.02,Effective reproduction no.,Unsure
2604106,1,0.87,1.14,0.95,1.05,0.98,1.01,Effective reproduction no.,Unsure
2616407,1,0.88,1.09,0.98,1.04,0.99,1.01,Effective reproduction no.,Unsure
2914802,1,0.87,1.09,0.97,1.04,0.98,1,Effective reproduction no.,Unsure
2919926,1,0.88,1.13,0.95,1.03,0.99,1.01,Effective reproduction no.,Unsure
2924603,1,0,1,0,1,0,0,New confirmed cases by infection date,Decreasing
2931905,1,0.76,1.2,0.94,1.08,1.01,1.06,Effective reproduction no.,Unsure
3122306,1,0.93,1.06,0.98,1.02,1,1.01,Effective reproduction no.,Unsure
3167202,1,0.92,1.1,0.98,1.03,0.99,1.01,Effective reproduction no.,Unsure
3170206,1,0.87,1.13,0.97,1.03,0.98,1.01,Effective reproduction no.,Unsure
3302403,1,0.86,1.14,0.97,1.05,0.99,1.02,Effective reproduction no.,Unsure
3509254,1,0,5,0,1,0,0,New confirmed cases by infection date,Decreasing
3515186,1,0.89,1.07,0.97,1.02,0.99,1.01,Effective reproduction no.,Unsure
3516200,1,0.92,1.07,0.97,1.02,0.99,1.01,Effective reproduction no.,Unsure
3522604,1,0.87,1.13,0.97,1.04,0.98,1.01,Effective reproduction no.,Unsure
3524402,1,0.91,1.12,0.97,1.03,0.99,1.01,Effective reproduction no.,Unsure
3525706,1,0.9,1.12,0.98,1.05,1,1.02,Effective reproduction no.,Unsure
3539509,1,0.92,1.07,0.98,1.02,1,1.01,Effective reproduction no.,Unsure
3551900,1,0.86,1.12,0.97,1.05,0.99,1.02,Effective reproduction no.,Unsure
4108403,1,0.93,1.07,0.98,1.02,0.99,1,Effective reproduction no.,Unsure
4219309,1,0.86,1.08,0.97,1.03,0.99,1.01,Effective reproduction no.,Unsure
4303103,1,0.9,1.11,0.97,1.03,0.99,1.01,Effective reproduction no.,Unsure
4307708,1,0.86,1.11,0.97,1.04,0.98,1,Effective reproduction no.,Unsure
4321204,1,0.84,1.14,0.96,1.04,0.99,1.02,Effective reproduction no.,Unsure
4322400,1,0.93,1.08,0.98,1.03,1,1.01,Effective reproduction no.,Unsure
5200308,1,0.87,1.14,0.96,1.04,1,1.02,Effective reproduction no.,Unsure
5210406,1,0.58,1.42,0.78,1.12,0.88,1.01,Effective reproduction no.,Unsure
1100015,0.99,0.94,1.04,0.98,1.01,0.99,1,Effective reproduction no.,Unsure
1100288,0.99,0.88,1.12,0.95,1.02,0.97,0.99,Effective reproduction no.,Unsure
1500800,0.99,0.88,1.09,0.97,1.03,0.98,1,Effective reproduction no.,Unsure
1508407,0.99,0.84,1.14,0.95,1.03,0.98,1.01,Effective reproduction no.,Unsure
1705508,0.99,0.8,1.16,0.95,1.04,0.97,1,Effective reproduction no.,Unsure
2103604,0.99,0.65,1.24,0.91,1.09,1.02,1.08,Effective reproduction no.,Unsure
2111102,0.99,0.84,1.1,0.96,1.03,0.99,1.02,Effective reproduction no.,Unsure
2403251,0.99,0.88,1.14,0.95,1.02,0.97,1,Effective reproduction no.,Unsure
2607901,0.99,0.9,1.08,0.97,1.02,0.98,1,Effective reproduction no.,Unsure
2609600,0.99,0.86,1.16,0.95,1.03,0.98,1.01,Effective reproduction no.,Unsure
2610707,0.99,0.89,1.06,0.97,1.02,0.99,1,Effective reproduction no.,Unsure
2919207,0.99,0.89,1.12,0.94,1.02,0.97,0.99,Effective reproduction no.,Unsure
2925303,0.99,0.89,1.1,0.94,1.01,0.98,1.01,Effective reproduction no.,Unsure
2928703,0.99,0.93,1.05,0.96,1,0.98,0.99,Effective reproduction no.,Unsure
3125101,0.99,0.91,1.06,0.97,1.01,0.98,1,Effective reproduction no.,Unsure
3168606,0.99,0.86,1.1,0.95,1.02,0.98,1,Effective reproduction no.,Unsure
3170701,0.99,0.89,1.07,0.96,1.01,0.98,1,Effective reproduction no.,Unsure
3200607,0.99,0.88,1.12,0.96,1.02,0.98,1,Effective reproduction no.,Unsure
3202801,0.99,0.85,1.11,0.96,1.03,0.98,1,Effective reproduction no.,Unsure
3300704,0.99,0.85,1.11,0.96,1.03,0.97,1,Effective reproduction no.,Unsure
3503802,0.99,0.91,1.09,0.96,1.01,0.99,1,Effective reproduction no.,Unsure
3507506,0.99,0.89,1.1,0.96,1.02,0.98,1,Effective reproduction no.,Unsure
3522307,0.99,0.92,1.06,0.97,1.01,0.98,0.99,Effective reproduction no.,Unsure
3523909,0.99,0.86,1.08,0.95,1.01,0.98,1,Effective reproduction no.,Unsure
3549409,0.99,0.92,1.07,0.97,1.02,0.99,1,Effective reproduction no.,Unsure
4105805,0.99,0.9,1.08,0.97,1.02,0.98,1,Effective reproduction no.,Unsure
4106902,0.99,0.95,1.04,0.98,1,0.99,1,Effective reproduction no.,Unsure
4118204,0.99,0.89,1.09,0.96,1.02,0.98,1,Effective reproduction no.,Unsure
4122404,0.99,0.87,1.1,0.97,1.03,0.97,1,Effective reproduction no.,Unsure
4208906,0.99,0.89,1.08,0.96,1.01,0.98,0.99,Effective reproduction no.,Unsure
4214805,0.99,0.85,1.13,0.96,1.04,0.99,1.01,Effective reproduction no.,Unsure
4322608,0.99,0.86,1.1,0.95,1.02,0.98,1,Effective reproduction no.,Unsure
1100114,0.98,0.91,1.06,0.97,1.01,0.98,0.99,Effective reproduction no.,Unsure
1100304,0.98,0.91,1.05,0.96,1,0.98,0.99,Effective reproduction no.,Unsure
1303809,0.98,0.83,1.11,0.94,1.02,0.96,0.99,Effective reproduction no.,Unsure
1500602,0.98,0.81,1.14,0.94,1.04,0.97,1.01,Effective reproduction no.,Unsure
1505106,0.98,0.76,1.2,0.92,1.05,0.97,1.02,Effective reproduction no.,Unsure
1721000,0.98,0.74,1.18,0.91,1.05,0.93,0.98,Effective reproduction no.,Unsure
2201903,0.98,0.93,1.04,0.96,0.99,0.97,0.98,Effective reproduction no.,Likely decreasing
2207702,0.98,0.92,1.06,0.96,1,0.97,0.98,Effective reproduction no.,Unsure
2208403,0.98,0.9,1.06,0.95,1,0.97,0.98,Effective reproduction no.,Unsure
2311801,0.98,0.91,1.07,0.96,1,0.97,0.99,Effective reproduction no.,Unsure
2506301,0.98,0.9,1.05,0.95,1,0.96,0.98,Effective reproduction no.,Unsure
2601102,0.98,0.89,1.06,0.95,1,0.97,0.99,Effective reproduction no.,Unsure
2611606,0.98,0.88,1.08,0.95,1.01,0.97,0.99,Effective reproduction no.,Unsure
2804805,0.98,0.82,1.12,0.93,1.03,0.96,1,Effective reproduction no.,Unsure
2906501,0.98,0.91,1.05,0.96,1,0.97,0.99,Effective reproduction no.,Unsure
2917102,0.98,0.85,1.09,0.95,1.02,0.96,0.99,Effective reproduction no.,Unsure
3300209,0.98,0.79,1.13,0.93,1.02,0.96,0.99,Effective reproduction no.,Unsure
3300456,0.98,0.79,1.16,0.93,1.04,0.97,1,Effective reproduction no.,Unsure
3302700,0.98,0.79,1.14,0.93,1.04,0.96,1,Effective reproduction no.,Unsure
3504107,0.98,0.9,1.04,0.96,1,0.98,0.99,Effective reproduction no.,Likely decreasing
3512407,0.98,0.82,1.11,0.96,1.02,0.98,1,Effective reproduction no.,Unsure
3518800,0.98,0.93,1.03,0.96,0.99,0.98,0.99,Effective reproduction no.,Likely decreasing
3524709,0.98,0.94,1.02,0.97,0.99,0.98,0.98,Effective reproduction no.,Likely decreasing
3538709,0.98,0.91,1.05,0.97,1.01,0.98,0.99,Effective reproduction no.,Unsure
3542206,0.98,0.86,1.08,0.95,1.01,0.97,0.99,Effective reproduction no.,Unsure
3547809,0.98,0.87,1.07,0.95,1.01,0.98,1,Effective reproduction no.,Unsure
3548807,0.98,0.9,1.07,0.96,1.01,0.97,0.99,Effective reproduction no.,Unsure
4203907,0.98,0.77,1.16,0.93,1.06,0.98,1.03,Effective reproduction no.,Unsure
4219507,0.98,0.86,1.08,0.95,1.01,0.98,1,Effective reproduction no.,Unsure
4303509,0.98,0.88,1.08,0.95,1.01,0.97,0.99,Effective reproduction no.,Unsure
4313409,0.98,0.88,1.07,0.96,1.01,0.97,0.99,Effective reproduction no.,Unsure
4314100,0.98,0.91,1.07,0.96,1,0.97,0.99,Effective reproduction no.,Unsure
4320008,0.98,0.91,1.03,0.95,0.99,0.97,0.99,Effective reproduction no.,Unsure
1100080,0.97,0.87,1.08,0.94,1.01,0.97,0.99,Effective reproduction no.,Unsure
1301407,0.97,0.83,1.13,0.93,1.01,0.95,0.98,Effective reproduction no.,Unsure
1501808,0.97,0.86,1.07,0.94,1,0.95,0.97,Effective reproduction no.,Unsure
2104800,0.97,0.9,1.02,0.95,0.98,0.96,0.98,Effective reproduction no.,Likely decreasing
2208007,0.97,0.9,1.03,0.94,0.98,0.95,0.97,Effective reproduction no.,Likely decreasing
2311306,0.97,0.89,1.05,0.96,1.01,0.97,0.99,Effective reproduction no.,Unsure
2510808,0.97,0.9,1.05,0.95,0.99,0.96,0.98,Effective reproduction no.,Likely decreasing
2910057,0.97,0.87,1.05,0.95,1,0.96,0.98,Effective reproduction no.,Likely decreasing
2910727,0.97,0.89,1.05,0.94,0.98,0.96,0.98,Effective reproduction no.,Likely decreasing
2916401,0.97,0.88,1.07,0.95,1,0.96,0.98,Effective reproduction no.,Unsure
2927408,0.97,0.86,1.09,0.93,1.01,0.95,0.98,Effective reproduction no.,Unsure
3131703,0.97,0.84,1.09,0.92,0.99,0.96,0.99,Effective reproduction no.,Unsure
3136702,0.97,0.91,1.03,0.96,0.99,0.96,0.98,Effective reproduction no.,Likely decreasing
3201209,0.97,0.86,1.06,0.94,0.99,0.96,0.98,Effective reproduction no.,Likely decreasing
3202405,0.97,0.86,1.06,0.94,1,0.96,0.98,Effective reproduction no.,Unsure
3304201,0.97,0.78,1.13,0.93,1.02,0.95,0.98,Effective reproduction no.,Unsure
3304904,0.97,0.82,1.09,0.93,1.01,0.94,0.97,Effective reproduction no.,Unsure
3505500,0.97,0.87,1.07,0.94,1,0.96,0.98,Effective reproduction no.,Unsure
3515509,0.97,0.88,1.06,0.94,0.99,0.95,0.97,Effective reproduction no.,Unsure
3523404,0.97,0.87,1.06,0.95,1,0.97,0.98,Effective reproduction no.,Unsure
3524006,0.97,0.83,1.1,0.93,1.01,0.96,0.99,Effective reproduction no.,Unsure
3548906,0.97,0.92,1.02,0.96,0.99,0.97,0.98,Effective reproduction no.,Likely decreasing
3551009,0.97,0.89,1.06,0.94,1,0.96,0.98,Effective reproduction no.,Unsure
4101507,0.97,0.86,1.08,0.93,0.99,0.96,0.99,Effective reproduction no.,Unsure
4104204,0.97,0.89,1.04,0.95,0.99,0.96,0.97,Effective reproduction no.,Likely decreasing
4107652,0.97,0.87,1.06,0.94,0.99,0.95,0.97,Effective reproduction no.,Likely decreasing
4109807,0.97,0.89,1.06,0.95,1,0.96,0.98,Effective reproduction no.,Unsure
4203600,0.97,0.73,1.11,0.92,1.02,0.96,1,Effective reproduction no.,Unsure
4211900,0.97,0.88,1.05,0.95,1,0.97,0.98,Effective reproduction no.,Unsure
4310207,0.97,0.87,1.06,0.95,1,0.96,0.98,Effective reproduction no.,Unsure
5005608,0.97,0.82,1.09,0.94,1.02,0.96,0.99,Effective reproduction no.,Unsure
5209705,0.97,0.88,1.06,0.95,1,0.95,0.97,Effective reproduction no.,Unsure
1100023,0.96,0.82,1.1,0.93,1.02,0.96,0.99,Effective reproduction no.,Unsure
1100189,0.96,0.87,1.06,0.94,1,0.95,0.97,Effective reproduction no.,Likely decreasing
1100205,0.96,0.88,1.05,0.93,0.99,0.96,0.97,Effective reproduction no.,Likely decreasing
1507953,0.96,0.79,1.14,0.91,1.01,0.94,0.97,Effective reproduction no.,Unsure
1600279,0.96,0.84,1.05,0.94,1,0.96,0.98,Effective reproduction no.,Likely decreasing
1600303,0.96,0.81,1.04,0.94,1.01,0.96,0.99,Effective reproduction no.,Likely decreasing
1708205,0.96,0.77,1.15,0.91,1.01,0.94,0.98,Effective reproduction no.,Unsure
2105476,0.96,0.82,1.09,0.92,1,0.95,0.98,Effective reproduction no.,Unsure
2201150,0.96,0.83,1.08,0.93,1,0.95,0.97,Effective reproduction no.,Unsure
2202208,0.96,0.88,1.04,0.94,0.99,0.96,0.97,Effective reproduction no.,Likely decreasing
2207009,0.96,0.9,1.04,0.94,0.98,0.95,0.97,Effective reproduction no.,Likely decreasing
2306900,0.96,0.86,1.07,0.94,1,0.95,0.97,Effective reproduction no.,Unsure
2314102,0.96,0.88,1.03,0.94,0.98,0.95,0.96,Effective reproduction no.,Likely decreasing
2704302,0.96,0.91,1.01,0.95,0.98,0.95,0.96,Effective reproduction no.,Likely decreasing
2903201,0.96,0.83,1.1,0.92,1.01,0.93,0.96,Effective reproduction no.,Unsure
3127701,0.96,0.86,1.09,0.93,0.99,0.95,0.97,Effective reproduction no.,Unsure
3143302,0.96,0.87,1.03,0.93,0.98,0.94,0.96,Effective reproduction no.,Likely decreasing
3156700,0.96,0.9,1.03,0.94,0.98,0.96,0.97,Effective reproduction no.,Likely decreasing
3157807,0.96,0.82,1.1,0.91,1,0.96,0.98,Effective reproduction no.,Unsure
3304557,0.96,0.83,1.1,0.91,0.99,0.96,0.99,Effective reproduction no.,Unsure
3305109,0.96,0.85,1.08,0.93,1,0.96,0.98,Effective reproduction no.,Unsure
3504008,0.96,0.9,1.04,0.95,0.98,0.95,0.96,Effective reproduction no.,Likely decreasing
3511102,0.96,0.88,1.03,0.94,0.97,0.96,0.97,Effective reproduction no.,Likely decreasing
3525904,0.96,0.88,1.03,0.94,0.98,0.95,0.97,Effective reproduction no.,Likely decreasing
3526704,0.96,0.89,1.03,0.94,0.98,0.96,0.97,Effective reproduction no.,Likely decreasing
3541406,0.96,0.9,1.02,0.94,0.97,0.95,0.97,Effective reproduction no.,Likely decreasing
3543402,0.96,0.9,1.04,0.94,0.98,0.95,0.97,Effective reproduction no.,Likely decreasing
3549805,0.96,0.87,1.05,0.93,0.98,0.95,0.97,Effective reproduction no.,Likely decreasing
3552502,0.96,0.91,1.01,0.94,0.97,0.95,0.96,Effective reproduction no.,Likely decreasing
3553401,0.96,0.83,1.07,0.93,0.99,0.94,0.97,Effective reproduction no.,Likely decreasing
4119152,0.96,0.88,1.04,0.94,0.98,0.95,0.97,Effective reproduction no.,Likely decreasing
4202404,0.96,0.86,1.06,0.93,1,0.95,0.97,Effective reproduction no.,Unsure
4202800,0.96,0.81,1.08,0.92,1,0.96,0.98,Effective reproduction no.,Unsure
4309209,0.96,0.86,1.04,0.93,0.99,0.95,0.97,Effective reproduction no.,Likely decreasing
4318705,0.96,0.83,1.1,0.92,1,0.94,0.97,Effective reproduction no.,Unsure
5002704,0.96,0.8,1.08,0.93,1.02,0.95,0.98,Effective reproduction no.,Unsure
5211909,0.96,0.88,1.07,0.93,0.98,0.94,0.96,Effective reproduction no.,Likely decreasing
1200708,0.95,0.85,1.07,0.92,0.98,0.94,0.96,Effective reproduction no.,Likely decreasing
1505304,0.95,0.78,1.12,0.9,0.99,0.94,0.97,Effective reproduction no.,Unsure
1506807,0.95,0.81,1.08,0.92,1,0.93,0.96,Effective reproduction no.,Unsure
1600501,0.95,0.84,1.04,0.92,0.98,0.93,0.96,Effective reproduction no.,Likely decreasing
2103505,0.95,0.9,1.01,0.94,0.97,0.95,0.96,Effective reproduction no.,Likely decreasing
2205508,0.95,0.86,1.06,0.92,0.97,0.94,0.96,Effective reproduction no.,Likely decreasing
2302503,0.95,0.87,1.05,0.92,0.98,0.95,0.97,Effective reproduction no.,Likely decreasing
2504009,0.95,0.89,1.02,0.93,0.96,0.94,0.95,Effective reproduction no.,Likely decreasing
2513703,0.95,0.75,1.17,0.88,1.04,0.9,0.96,Effective reproduction no.,Unsure
2914703,0.95,0.84,1.04,0.93,0.98,0.94,0.96,Effective reproduction no.,Likely decreasing
2919553,0.95,0.86,1.04,0.93,0.97,0.95,0.97,Effective reproduction no.,Likely decreasing
3201308,0.95,0.83,1.06,0.92,0.99,0.95,0.97,Effective reproduction no.,Likely decreasing
3302205,0.95,0.82,1.08,0.91,0.99,0.92,0.95,Effective reproduction no.,Unsure
3503901,0.95,0.88,1.02,0.93,0.96,0.94,0.96,Effective reproduction no.,Likely decreasing
3505708,0.95,0.88,1.04,0.93,0.98,0.95,0.97,Effective reproduction no.,Likely decreasing
3513009,0.95,0.89,1.02,0.93,0.97,0.94,0.96,Effective reproduction no.,Likely decreasing
3517505,0.95,0.85,1.04,0.93,0.98,0.95,0.97,Effective reproduction no.,Likely decreasing
3519600,0.95,0.85,1.03,0.93,0.97,0.95,0.97,Effective reproduction no.,Likely decreasing
3534708,0.95,0.87,1.01,0.92,0.97,0.94,0.96,Effective reproduction no.,Likely decreasing
3538006,0.95,0.88,1.02,0.93,0.97,0.94,0.95,Effective reproduction no.,Likely decreasing
3539806,0.95,0.87,1.02,0.92,0.96,0.94,0.95,Effective reproduction no.,Likely decreasing
3540705,0.95,0.86,1.03,0.92,0.97,0.94,0.96,Effective reproduction no.,Likely decreasing
3541000,0.95,0.86,1.06,0.92,0.98,0.95,0.97,Effective reproduction no.,Likely decreasing
3542602,0.95,0.89,1.01,0.93,0.97,0.94,0.95,Effective reproduction no.,Likely decreasing
3545209,0.95,0.88,1.03,0.93,0.98,0.95,0.96,Effective reproduction no.,Likely decreasing
3547304,0.95,0.86,1.02,0.93,0.97,0.94,0.96,Effective reproduction no.,Likely decreasing
3552403,0.95,0.87,1.03,0.92,0.97,0.94,0.96,Effective reproduction no.,Likely decreasing
3557006,0.95,0.89,1.01,0.94,0.97,0.95,0.96,Effective reproduction no.,Likely decreasing
4107207,0.95,0.86,1.02,0.93,0.97,0.94,0.95,Effective reproduction no.,Likely decreasing
4207007,0.95,0.82,1.04,0.93,1,0.95,0.97,Effective reproduction no.,Likely decreasing
4208302,0.95,0.8,1.06,0.91,0.99,0.94,0.97,Effective reproduction no.,Likely decreasing
4306767,0.95,0.85,1.07,0.93,0.98,0.94,0.96,Effective reproduction no.,Likely decreasing
4307609,0.95,0.82,1.07,0.91,0.98,0.93,0.96,Effective reproduction no.,Likely decreasing
5210000,0.95,0.88,1.01,0.94,0.97,0.96,0.97,Effective reproduction no.,Likely decreasing
5300108,0.95,0.93,0.98,0.94,0.96,0.95,0.96,Effective reproduction no.,Decreasing
1100155,0.94,0.83,1.04,0.91,0.97,0.93,0.95,Effective reproduction no.,Likely decreasing
1400100,0.94,0.85,1.01,0.91,0.95,0.93,0.94,Effective reproduction no.,Likely decreasing
2103000,0.94,0.84,1.05,0.91,0.97,0.93,0.95,Effective reproduction no.,Likely decreasing
2111607,0.94,0.7,1.1,0.9,1.02,0.92,0.97,Effective reproduction no.,Unsure
2304400,0.94,0.82,1.06,0.9,0.98,0.9,0.93,Effective reproduction no.,Likely decreasing
2312908,0.94,0.84,1.04,0.91,0.97,0.93,0.95,Effective reproduction no.,Likely decreasing
2313401,0.94,0.83,1.05,0.92,0.98,0.94,0.96,Effective reproduction no.,Likely decreasing
2704708,0.94,0.82,1.05,0.9,0.97,0.93,0.95,Effective reproduction no.,Likely decreasing
2706307,0.94,0.82,1.02,0.91,0.96,0.94,0.96,Effective reproduction no.,Likely decreasing
2708006,0.94,0.88,1,0.92,0.96,0.94,0.95,Effective reproduction no.,Likely decreasing
2900702,0.94,0.83,1.04,0.9,0.97,0.93,0.95,Effective reproduction no.,Likely decreasing
3136207,0.94,0.85,1.04,0.92,0.97,0.92,0.94,Effective reproduction no.,Likely decreasing
3154606,0.94,0.81,1.1,0.9,0.98,0.92,0.95,Effective reproduction no.,Likely decreasing
3201407,0.94,0.83,1.04,0.91,0.97,0.94,0.96,Effective reproduction no.,Likely decreasing
3203320,0.94,0.86,1.02,0.92,0.96,0.93,0.95,Effective reproduction no.,Likely decreasing
3203908,0.94,0.81,1.02,0.91,0.97,0.94,0.96,Effective reproduction no.,Likely decreasing
3306305,0.94,0.81,1.04,0.89,0.97,0.93,0.96,Effective reproduction no.,Likely decreasing
3508504,0.94,0.86,1.02,0.91,0.96,0.92,0.94,Effective reproduction no.,Likely decreasing
3509007,0.94,0.86,1.02,0.92,0.97,0.94,0.96,Effective reproduction no.,Likely decreasing
3512803,0.94,0.81,1.02,0.91,0.98,0.92,0.95,Effective reproduction no.,Likely decreasing
3516309,0.94,0.88,1,0.92,0.95,0.93,0.94,Effective reproduction no.,Decreasing
3518404,0.94,0.81,1.01,0.92,0.97,0.93,0.95,Effective reproduction no.,Likely decreasing
3519071,0.94,0.86,1,0.92,0.96,0.93,0.95,Effective reproduction no.,Likely decreasing
3522109,0.94,0.88,1.01,0.92,0.96,0.93,0.94,Effective reproduction no.,Likely decreasing
3526803,0.94,0.86,1.03,0.92,0.97,0.93,0.95,Effective reproduction no.,Likely decreasing
3531902,0.94,0.87,1.02,0.92,0.96,0.94,0.96,Effective reproduction no.,Likely decreasing
3545803,0.94,0.87,1,0.92,0.96,0.94,0.95,Effective reproduction no.,Likely decreasing
3550308,0.94,0.73,1.15,0.86,1.02,0.94,1,Effective reproduction no.,Unsure
3556701,0.94,0.87,1.02,0.92,0.96,0.94,0.95,Effective reproduction no.,Likely decreasing
4100400,0.94,0.88,1.02,0.93,0.97,0.93,0.95,Effective reproduction no.,Likely decreasing
4119509,0.94,0.85,1.03,0.92,0.97,0.93,0.95,Effective reproduction no.,Likely decreasing
4202008,0.94,0.86,1.02,0.92,0.97,0.94,0.96,Effective reproduction no.,Likely decreasing
4202909,0.94,0.85,1.03,0.92,0.97,0.93,0.95,Effective reproduction no.,Likely decreasing
4205902,0.94,0.81,1.05,0.9,0.97,0.94,0.96,Effective reproduction no.,Likely decreasing
4209003,0.94,0.87,1.03,0.92,0.97,0.93,0.95,Effective reproduction no.,Likely decreasing
4303905,0.94,0.84,1.05,0.91,0.96,0.92,0.94,Effective reproduction no.,Likely decreasing
4311809,0.94,0.84,1.06,0.9,0.97,0.93,0.96,Effective reproduction no.,Likely decreasing
5215702,0.94,0.8,1.07,0.91,0.98,0.94,0.96,Effective reproduction no.,Likely decreasing
1100098,0.93,0.84,1.01,0.91,0.96,0.92,0.94,Effective reproduction no.,Likely decreasing
1100254,0.93,0.82,1,0.91,0.95,0.93,0.95,Effective reproduction no.,Decreasing
1301704,0.93,0.81,1.04,0.9,0.96,0.92,0.94,Effective reproduction no.,Likely decreasing
1504455,0.93,0.81,1.06,0.9,0.96,0.91,0.93,Effective reproduction no.,Likely decreasing
2112209,0.93,0.84,1.01,0.9,0.95,0.92,0.94,Effective reproduction no.,Likely decreasing
2311405,0.93,0.86,1.01,0.91,0.96,0.93,0.94,Effective reproduction no.,Likely decreasing
2408003,0.93,0.79,1.06,0.89,0.97,0.9,0.93,Effective reproduction no.,Likely decreasing
2507507,0.93,0.88,0.98,0.92,0.95,0.92,0.94,Effective reproduction no.,Decreasing
2800308,0.93,0.87,0.99,0.91,0.94,0.92,0.94,Effective reproduction no.,Decreasing
2907509,0.93,0.84,1.02,0.9,0.95,0.92,0.93,Effective reproduction no.,Likely decreasing
2921104,0.93,0.82,1.03,0.9,0.96,0.93,0.95,Effective reproduction no.,Likely decreasing
3205200,0.93,0.83,1.05,0.9,0.95,0.92,0.94,Effective reproduction no.,Likely decreasing
3501608,0.93,0.85,1,0.92,0.96,0.92,0.94,Effective reproduction no.,Decreasing
3506359,0.93,0.82,1.09,0.9,0.96,0.91,0.93,Effective reproduction no.,Likely decreasing
3506508,0.93,0.87,1.01,0.9,0.94,0.92,0.93,Effective reproduction no.,Likely decreasing
3513801,0.93,0.86,0.99,0.91,0.95,0.92,0.94,Effective reproduction no.,Decreasing
3516408,0.93,0.82,0.99,0.91,0.95,0.92,0.94,Effective reproduction no.,Decreasing
3516705,0.93,0.77,1.05,0.9,0.97,0.91,0.94,Effective reproduction no.,Likely decreasing
3525003,0.93,0.85,1.02,0.91,0.95,0.93,0.94,Effective reproduction no.,Likely decreasing
3531803,0.93,0.85,1.03,0.91,0.96,0.91,0.93,Effective reproduction no.,Likely decreasing
3533908,0.93,0.88,0.98,0.91,0.94,0.92,0.93,Effective reproduction no.,Decreasing
3536505,0.93,0.86,1,0.9,0.95,0.91,0.93,Effective reproduction no.,Decreasing
4204301,0.93,0.85,1,0.92,0.96,0.93,0.94,Effective reproduction no.,Decreasing
4204608,0.93,0.55,1.32,0.73,1.04,0.81,0.92,Effective reproduction no.,Unsure
4209300,0.93,0.76,1.07,0.89,1,0.93,0.97,Effective reproduction no.,Likely decreasing
4211306,0.93,0.76,1.09,0.88,0.99,0.91,0.95,Effective reproduction no.,Likely decreasing
4212502,0.93,0.76,1.05,0.89,0.96,0.91,0.94,Effective reproduction no.,Likely decreasing
4216305,0.93,0.83,1.03,0.91,0.97,0.91,0.94,Effective reproduction no.,Likely decreasing
1100106,0.92,0.86,0.99,0.9,0.94,0.91,0.93,Effective reproduction no.,Decreasing
2112605,0.92,0.8,1.09,0.89,0.96,0.92,0.95,Effective reproduction no.,Likely decreasing
2211209,0.92,0.81,1,0.89,0.96,0.92,0.94,Effective reproduction no.,Likely decreasing
2304202,0.92,0.86,0.99,0.91,0.95,0.92,0.93,Effective reproduction no.,Decreasing
2905701,0.92,0.84,1.01,0.89,0.94,0.91,0.92,Effective reproduction no.,Decreasing
2906873,0.92,0.85,1.01,0.9,0.95,0.91,0.92,Effective reproduction no.,Likely decreasing
2913606,0.92,0.76,1.09,0.88,0.97,0.93,0.96,Effective reproduction no.,Likely decreasing
2915601,0.92,0.78,1.03,0.88,0.95,0.91,0.93,Effective reproduction no.,Likely decreasing
2918407,0.92,0.84,0.99,0.9,0.94,0.92,0.93,Effective reproduction no.,Decreasing
3118601,0.92,0.75,1.06,0.86,0.95,0.89,0.93,Effective reproduction no.,Likely decreasing
3119401,0.92,0.85,0.99,0.9,0.95,0.92,0.93,Effective reproduction no.,Decreasing
3158953,0.92,0.84,1.03,0.89,0.95,0.91,0.93,Effective reproduction no.,Likely decreasing
3502804,0.92,0.85,0.98,0.9,0.93,0.91,0.93,Effective reproduction no.,Decreasing
3510500,0.92,0.84,1,0.9,0.95,0.91,0.93,Effective reproduction no.,Decreasing
3513405,0.92,0.73,1.05,0.88,0.98,0.93,0.97,Effective reproduction no.,Likely decreasing
3534401,0.92,0.86,1,0.9,0.95,0.92,0.93,Effective reproduction no.,Likely decreasing
3550704,0.92,0.85,1.01,0.9,0.95,0.9,0.92,Effective reproduction no.,Likely decreasing
3556503,0.92,0.83,1,0.9,0.94,0.92,0.93,Effective reproduction no.,Decreasing
4202305,0.92,0.82,1.01,0.89,0.94,0.9,0.92,Effective reproduction no.,Likely decreasing
4203204,0.92,0.83,1.02,0.89,0.95,0.91,0.93,Effective reproduction no.,Likely decreasing
4211702,0.92,0.7,1.12,0.85,1.01,0.93,0.99,Effective reproduction no.,Unsure
1505437,0.91,0.78,1.03,0.87,0.94,0.91,0.93,Effective reproduction no.,Likely decreasing
2201200,0.91,0.8,1,0.87,0.94,0.9,0.92,Effective reproduction no.,Likely decreasing
2203909,0.91,0.68,1.12,0.82,1,0.86,0.92,Effective reproduction no.,Unsure
2402006,0.91,0.79,1.05,0.87,0.94,0.9,0.93,Effective reproduction no.,Likely decreasing
2802908,0.91,0.81,1.02,0.89,0.94,0.9,0.92,Effective reproduction no.,Likely decreasing
3106200,0.91,0.79,1.02,0.87,0.94,0.9,0.92,Effective reproduction no.,Likely decreasing
3144300,0.91,0.8,1.02,0.88,0.95,0.9,0.92,Effective reproduction no.,Likely decreasing
3304300,0.91,0.69,1.09,0.87,0.95,0.9,0.93,Effective reproduction no.,Likely decreasing
3304524,0.91,0.8,1.01,0.87,0.94,0.9,0.92,Effective reproduction no.,Likely decreasing
3509502,0.91,0.81,1.01,0.88,0.95,0.9,0.93,Effective reproduction no.,Likely decreasing
3510609,0.91,0.82,1,0.89,0.94,0.9,0.92,Effective reproduction no.,Decreasing
3515004,0.91,0.84,0.97,0.9,0.93,0.91,0.92,Effective reproduction no.,Decreasing
3522208,0.91,0.85,0.99,0.89,0.93,0.9,0.91,Effective reproduction no.,Decreasing
3523107,0.91,0.85,0.97,0.89,0.92,0.9,0.91,Effective reproduction no.,Decreasing
3527108,0.91,0.8,1.01,0.87,0.94,0.89,0.92,Effective reproduction no.,Likely decreasing
3548500,0.91,0.85,0.97,0.9,0.93,0.91,0.92,Effective reproduction no.,Decreasing
3548708,0.91,0.86,0.96,0.9,0.93,0.91,0.92,Effective reproduction no.,Decreasing
3555406,0.91,0.81,1.03,0.87,0.94,0.89,0.92,Effective reproduction no.,Likely decreasing
3557105,0.91,0.86,0.97,0.89,0.93,0.91,0.92,Effective reproduction no.,Decreasing
4310108,0.91,0.82,1.01,0.87,0.93,0.9,0.92,Effective reproduction no.,Likely decreasing
2307650,0.9,0.8,0.99,0.88,0.93,0.89,0.91,Effective reproduction no.,Decreasing
2400208,0.9,0.76,1.04,0.86,0.94,0.88,0.91,Effective reproduction no.,Likely decreasing
2611101,0.9,0.84,0.97,0.89,0.93,0.9,0.91,Effective reproduction no.,Decreasing
2912905,0.9,0.78,0.99,0.87,0.93,0.9,0.92,Effective reproduction no.,Decreasing
3203205,0.9,0.78,0.98,0.87,0.93,0.89,0.91,Effective reproduction no.,Decreasing
3520400,0.9,0.74,1.09,0.84,0.94,0.88,0.92,Effective reproduction no.,Likely decreasing
3522505,0.9,0.82,0.99,0.88,0.93,0.9,0.91,Effective reproduction no.,Likely decreasing
4208807,0.9,0.71,1.03,0.86,0.95,0.89,0.92,Effective reproduction no.,Likely decreasing
5213103,0.9,0.78,1.03,0.85,0.93,0.89,0.91,Effective reproduction no.,Likely decreasing
1301803,0.89,0.43,1.38,0.68,1.05,0.73,0.86,Effective reproduction no.,Unsure
2101400,0.89,0.74,0.98,0.86,0.93,0.88,0.9,Effective reproduction no.,Decreasing
2303709,0.89,0.82,0.96,0.87,0.91,0.88,0.89,Effective reproduction no.,Decreasing
3204906,0.89,0.78,1,0.86,0.92,0.89,0.91,Effective reproduction no.,Decreasing
3543907,0.89,0.83,0.94,0.87,0.9,0.88,0.89,Effective reproduction no.,Decreasing
3546306,0.89,0.78,0.99,0.85,0.92,0.87,0.89,Effective reproduction no.,Decreasing
3552809,0.89,0.8,0.97,0.87,0.92,0.89,0.91,Effective reproduction no.,Decreasing
4127106,0.89,0.83,0.96,0.88,0.92,0.89,0.9,Effective reproduction no.,Decreasing
4206504,0.89,0.39,1.3,0.76,1.1,0.94,1.07,Effective reproduction no.,Unsure
5001102,0.89,0.81,0.97,0.87,0.92,0.88,0.9,Effective reproduction no.,Decreasing
1100924,0.88,0.73,0.99,0.84,0.91,0.86,0.89,Effective reproduction no.,Likely decreasing
3546801,0.88,0.79,0.96,0.85,0.9,0.86,0.88,Effective reproduction no.,Decreasing
3556206,0.88,0.84,0.94,0.87,0.9,0.88,0.89,Effective reproduction no.,Decreasing
2615300,0.87,0.75,1.02,0.82,0.9,0.85,0.88,Effective reproduction no.,Likely decreasing
3520509,0.87,0.81,0.96,0.85,0.89,0.86,0.87,Effective reproduction no.,Decreasing
3530607,0.87,0.28,1.64,0.56,1.08,0.71,0.9,Effective reproduction no.,Unsure
2803500,0.86,0.78,0.94,0.83,0.88,0.84,0.86,Effective reproduction no.,Decreasing
2918001,0.86,0.77,0.95,0.84,0.89,0.85,0.87,Effective reproduction no.,Decreasing
3513504,0.86,0.78,0.94,0.84,0.88,0.86,0.88,Effective reproduction no.,Decreasing
4207502,0.86,0.7,0.99,0.83,0.91,0.86,0.89,Effective reproduction no.,Decreasing
1501303,0.85,0.62,1.06,0.79,0.92,0.82,0.86,Effective reproduction no.,Likely decreasing
1505809,0.85,0.65,1.02,0.81,0.91,0.85,0.88,Effective reproduction no.,Likely decreasing
2612505,0.85,0.67,0.96,0.82,0.9,0.84,0.86,Effective reproduction no.,Decreasing
3204708,0.85,0.78,0.9,0.83,0.87,0.84,0.85,Effective reproduction no.,Decreasing
3306008,0.85,0.64,1.02,0.79,0.89,0.82,0.85,Effective reproduction no.,Likely decreasing
5007901,0.85,0.78,0.93,0.84,0.88,0.85,0.87,Effective reproduction no.,Decreasing
2307304,0.84,0.73,0.93,0.82,0.87,0.83,0.85,Effective reproduction no.,Decreasing
3541604,0.84,0.75,0.94,0.81,0.87,0.83,0.85,Effective reproduction no.,Decreasing
5200258,0.84,0.77,0.92,0.81,0.86,0.83,0.85,Effective reproduction no.,Decreasing
3201506,0.82,0.75,0.89,0.8,0.84,0.81,0.83,Effective reproduction no.,Decreasing
4201406,0.82,0.67,0.95,0.79,0.87,0.82,0.85,Effective reproduction no.,Decreasing
4304606,0.82,0.46,1.15,0.69,0.96,0.75,0.85,Effective reproduction no.,Unsure
4204202,0.8,0.55,1.08,0.68,0.89,0.73,0.81,Effective reproduction no.,Likely decreasing
1500305,0.79,0.65,0.93,0.75,0.83,0.77,0.8,Effective reproduction no.,Decreasing
2304509,0.79,0.61,0.95,0.74,0.85,0.76,0.8,Effective reproduction no.,Decreasing
2924603,0.79,0.68,0.9,0.76,0.83,0.78,0.81,Effective reproduction no.,Decreasing
3509254,0.74,0.59,0.9,0.68,0.78,0.71,0.74,Effective reproduction no.,Decreasing
1400308,0.71,0.54,0.91,0.66,0.75,0.68,0.71,Effective reproduction no.,Decreasing
2917607,0.68,0.35,1.05,0.51,0.79,0.62,0.72,Effective reproduction no.,Likely decreasing
